Name,Isolated Power,Rank
Babe Ruth,.348 (.34766),1
Mark McGwire,.325 (.32536),2
Aaron Judge,.320 (.31974),3
Barry Bonds,.309 (.30883),4
Lou Gehrig,.292 (.29234),5
Hank Greenberg,.292 (.29155),6
Ted Williams,.289 (.28938),7
Jimmie Foxx,.284 (.28399),8
Mike Trout,.280 (.27967),9
Jim Thome,.278 (.27773),10
Manny Ramirez,.273 (.27317),11
Ralph Kiner,.269 (.26916),12
Albert Belle,.269 (.26892),13
Giancarlo Stanton,.267 (.26721),14
Carlos Delgado,.266 (.26610),15
Juan Gonzalez,.265 (.26541),16
David Ortiz,.265 (.26539),17
Kyle Schwarber,.263 (.26296),18
Sammy Sosa,.261 (.26052),19
Mike Schmidt,.260 (.25982),20
Mickey Mantle,.259 (.25870),21
Ryan Howard,.257 (.25670),22
Willie Mays,.256 (.25577),23
Alex Rodriguez,.255 (.25535),24
Matt Olson,.255 (.25506),25
Joe DiMaggio,.254 (.25421),26
"Ken Griffey, Jr.",.254 (.25406),27
Frank Thomas,.254 (.25393),28
Adam Dunn,.253 (.25280),29
Russell Branyan,.253 (.25256),30
Larry Walker,.253 (.25250),31
Harmon Killebrew,.252 (.25249),32
Johnny Mize,.250 (.24988),33
Hank Aaron,.250 (.24951),34
Jose Canseco,.249 (.24855),35
Albert Pujols,.248 (.24753),36
Willie Stargell,.247 (.24700),37
Darryl Strawberry,.247 (.24677),38
Richie Sexson,.246 (.24594),39
Juan Soto,.246 (.24585),40
Willie McCovey,.245 (.24497),41
Duke Snider,.244 (.24424),42
Jeff Bagwell,.244 (.24356),43
Lance Berkman,.243 (.24341),44
Jim Edmonds,.243 (.24293),45
Frank Robinson,.243 (.24285),46
Dave Kingman,.242 (.24202),47
Dick Allen,.242 (.24179),48
Mark Teixeira,.241 (.24092),49
Jason Giambi,.240 (.23985),50
Jay Buhner,.240 (.23958),51
Nelson Cruz,.239 (.23917),52
Bryce Harper,.238 (.23833),53
Eddie Mathews,.238 (.23826),54
Hack Wilson,.238 (.23782),55
Mike Piazza,.237 (.23745),56
Kevin Mitchell,.236 (.23609),57
Edwin Encarnacion,.236 (.23608),58
Ryan Braun,.236 (.23588),59
Troy Glaus,.235 (.23530),60
Vladimir Guerrero,.235 (.23495),61
J.D. Martinez,.233 (.23261),62
Adam Duvall,.232 (.23165),63
Charlie Keller,.231 (.23140),64
Andruw Jones,.231 (.23121),65
Rafael Devers,.231 (.23090),66
Carlos Pena,.231 (.23055),67
Mo Vaughn,.230 (.23030),68
Hank Sauer,.230 (.22977),69
Alfonso Soriano,.230 (.22955),70
Mike Napoli,.229 (.22900),71
Mel Ott,.229 (.22896),72
Josh Donaldson,.229 (.22859),73
Greg Vaughn,.229 (.22858),74
Stan Musial,.228 (.22822),75
Reggie Jackson,.228 (.22810),76
Jeromy Burnitz,.228 (.22785),77
Nolan Arenado,.227 (.22736),78
Cecil Fielder,.227 (.22707),79
Jose Bautista,.227 (.22690),80
Rafael Palmeiro,.226 (.22613),81
Teoscar Hernández,.226 (.22611),82
Chipper Jones,.226 (.22585),83
Josh Hamilton,.226 (.22563),84
Chris Davis,.226 (.22559),85
Dick Stuart,.225 (.22542),86
Travis Hafner,.225 (.22537),87
Ernie Banks,.225 (.22535),88
Mookie Betts,.225 (.22519),89
Frank Howard,.225 (.22518),90
Fred McGriff,.225 (.22473),91
Joc Pederson,.224 (.22421),92
José Ramírez,.224 (.22383),93
Roy Campanella,.224 (.22354),94
Jay Bruce,.224 (.22351),95
Danny Tartabull,.223 (.22331),96
Prince Fielder,.223 (.22299),97
Chuck Klein,.223 (.22294),98
Gorman Thomas,.223 (.22279),99
Todd Helton,.223 (.22268),100
Rob Deer,.223 (.22262),101
Rocky Colavito,.223 (.22251),102
Tony Clark,.222 (.22242),103
Cody Bellinger,.222 (.22222),104
Gary Sheffield,.222 (.22220),105
Bob Horner,.222 (.22213),106
Dean Palmer,.222 (.22154),107
Ryan Klesko,.222 (.22153),108
Wally Berger,.221 (.22138),109
Gus Zernial,.221 (.22125),110
David Justice,.221 (.22098),111
Reggie Sanders,.220 (.22048),112
Matt Williams,.220 (.22029),113
Matt Chapman,.220 (.21963),114
Wally Post,.220 (.21962),115
Pat Burrell,.219 (.21933),116
Hal Trosky,.219 (.21914),117
Ellis Burks,.219 (.21903),118
Paul Goldschmidt,.219 (.21896),119
Corey Seager,.218 (.21841),120
Rogers Hornsby,.218 (.21803),121
Norm Cash,.217 (.21685),122
Curtis Granderson,.217 (.21669),123
Joey Votto,.217 (.21663),124
Bob Allison,.217 (.21661),125
Roger Maris,.216 (.21643),126
Tim Salmon,.216 (.21638),127
Mark Reynolds,.216 (.21631),128
Randal Grichuk,.216 (.21607),129
Jorge Soler,.216 (.21596),130
Earl Averill,.216 (.21580),131
Jeff Heath,.216 (.21572),132
Carlos González,.215 (.21538),133
Geoff Jenkins,.215 (.21489),134
Dolph Camilli,.215 (.21483),135
Brandon Moss,.215 (.21481),136
Jason Bay,.214 (.21443),137
Eugenio Suárez,.214 (.21432),138
Matt Stairs,.214 (.21426),139
Jermaine Dye,.214 (.21407),140
Eric Davis,.214 (.21368),141
Gil Hodges,.214 (.21351),142
Derrek Lee,.213 (.21330),143
Moises Alou,.212 (.21245),144
Josh Willingham,.212 (.21242),145
Alex Bregman,.212 (.21222),146
Miguel Cabrera,.212 (.21186),147
Glenallen Hill,.212 (.21184),148
Brian Giles,.212 (.21174),149
J.D. Drew,.212 (.21168),150
Ron Gant,.212 (.21166),151
Shawn Green,.212 (.21166),
Raul Mondesi,.212 (.21156),153
Ken Williams,.211 (.21123),154
Freddie Freeman,.211 (.21122),155
C.J. Cron,.211 (.21117),156
Matt Holliday,.211 (.21116),157
Andres Galarraga,.211 (.21060),158
Jeff Kent,.210 (.21005),159
Mark Trumbo,.210 (.21004),160
Kris Bryant,.210 (.21000),161
Jesse Barfield,.210 (.20992),162
Al Rosen,.210 (.20966),163
Scott Rolen,.210 (.20965),164
Bob Johnson,.210 (.20954),165
Tommy Henrich,.209 (.20943),166
Chick Hafey,.209 (.20908),167
Aramis Ramirez,.209 (.20907),168
Jack Clark,.209 (.20885),169
Todd Hundley,.209 (.20881),170
Manny Machado,.209 (.20856),171
Johnny Bench,.208 (.20841),172
Justin Upton,.208 (.20830),173
Roy Sievers,.208 (.20824),174
Rudy York,.208 (.20811),175
Mickey Tettleton,.208 (.20796),176
Glenn Davis,.208 (.20785),177
Joe Adcock,.208 (.20784),178
Nomar Garciaparra,.208 (.20784),
Eric Chavez,.208 (.20768),180
Paul Konerko,.208 (.20767),181
Nate Colbert,.207 (.20748),182
Carlos Beltran,.207 (.20741),183
Babe Herman,.207 (.20739),184
Corey Hart,.207 (.20729),185
George Springer,.207 (.20718),186
Larry Doby,.207 (.20681),187
Evan Longoria,.207 (.20654),188
George Foster,.206 (.20575),189
Dan Uggla,.206 (.20572),190
Troy Tulowitzki,.205 (.20545),191
Anthony Rizzo,.205 (.20531),192
José Abreu,.205 (.20528),193
Ray Lankford,.205 (.20498),194
Joe Carter,.205 (.20494),195
Preston Wilson,.205 (.20485),196
Jose Valentin,.204 (.20419),197
Todd Frazier,.204 (.20401),198
Cliff Floyd,.204 (.20399),199
Javy Lopez,.204 (.20399),
Edgar Martinez,.204 (.20394),201
Jim Rice,.204 (.20389),202
Dale Murphy,.204 (.20377),203
Bobby Bonds,.203 (.20304),204
Orlando Cepeda,.203 (.20285),205
Andre Dawson,.203 (.20278),206
Francisco Lindor,.202 (.20223),207
Adam LaRoche,.202 (.20222),208
Tony Batista,.202 (.20206),209
Billy Williams,.202 (.20193),210
Greg Luzinski,.202 (.20184),211
Cliff Johnson,.202 (.20177),212
Phil Nevin,.202 (.20177),
Reggie Smith,.202 (.20176),214
Pete Incaviglia,.202 (.20175),215
Marcell Ozuna,.201 (.20124),216
Fred Lynn,.201 (.20101),217
Ian Happ,.201 (.20096),218
Jorge Posada,.201 (.20092),219
Al Simmons,.201 (.20071),220
Don Mincher,.201 (.20070),221
Willson Contreras,.201 (.20063),222
Paul Sorrento,.200 (.20047),223
Tony Armas,.200 (.20043),224
Tino Martinez,.200 (.20025),225
Dante Bichette,.200 (.20013),226
Vinny Castilla,.200 (.20009),227
Matt Kemp,.200 (.20000),228
Ted Kluszewski,.200 (.19987),229
Brandon Belt,.200 (.19962),230
Michael Conforto,.199 (.19933),231
Justin Morneau,.199 (.19933),
Leon Durham,.199 (.19877),233
Dwight Evans,.198 (.19831),234
Jim Lemon,.198 (.19826),235
Nick Swisher,.198 (.19817),236
Kent Hrbek,.198 (.19816),237
José Cruz,.198 (.19814),238
Carlos Lee,.198 (.19805),239
Andre Thornton,.198 (.19788),240
Bill Nicholson,.198 (.19780),241
Adrian Gonzalez,.198 (.19779),242
Dale Long,.198 (.19768),243
Yogi Berra,.198 (.19762),244
Joe Gordon,.197 (.19748),245
Kevin Youkilis,.197 (.19739),246
Howard Johnson,.197 (.19737),247
Ryan Zimmerman,.197 (.19732),248
Hanley Ramirez,.197 (.19720),249
Brian Dozier,.197 (.19671),250
Boog Powell,.196 (.19593),251
Luis Gonzalez,.196 (.19592),252
Corey Dickerson,.196 (.19586),253
Ripper Collins,.196 (.19556),254
Kirk Gibson,.195 (.19541),255
Mitch Moreland,.195 (.19528),256
Mike Cameron,.195 (.19520),257
Colby Rasmus,.195 (.19519),258
Nick Castellanos,.195 (.19484),259
David Wright,.195 (.19473),260
Don Demeter,.195 (.19460),261
Lee Stevens,.194 (.19418),262
Jonny Gomes,.194 (.19416),263
Adrián Beltré,.194 (.19362),264
Magglio Ordonez,.193 (.19347),265
Will Clark,.193 (.19322),266
Chris Young,.193 (.19299),267
Adam Lind,.193 (.19292),268
Raul Ibanez,.193 (.19288),269
Bobby Bonilla,.193 (.19285),270
Carlos Correa,.193 (.19253),271
Lee May,.192 (.19240),272
Rougned Odor,.192 (.19238),273
Vic Wertz,.192 (.19200),274
Grady Sizemore,.192 (.19195),275
Dave Winfield,.192 (.19186),276
Mack Jones,.192 (.19185),277
Gabby Hartnett,.192 (.19154),278
Bobby Thomson,.191 (.19144),279
Ryan Ludwick,.191 (.19132),280
George Bell,.191 (.19125),281
AJ Pollock,.191 (.19118),282
Kyle Seager,.191 (.19115),283
Gavvy Cravath,.191 (.19109),284
Jim Bottomley,.191 (.19060),285
Max Kepler,.191 (.19058),286
Carl Everett,.190 (.19048),287
Ketel Marte,.190 (.19042),288
Chase Utley,.190 (.19017),289
Matt Carpenter,.190 (.19007),290
Salvador Perez,.190 (.18998),291
Trot Nixon,.190 (.18996),292
Justin Smoak,.190 (.18974),293
Brian McCann,.190 (.18955),294
Jim Ray Hart,.189 (.18927),295
Vernon Wells,.189 (.18925),296
Eddie Murray,.189 (.18896),297
Mike Sweeney,.189 (.18890),298
Oscar Gamble,.189 (.18880),299
Tom Brunansky,.188 (.18842),300
Lance Parrish,.188 (.18834),301
Mike Stanley,.188 (.18830),302
Yasmani Grandal,.188 (.18826),303
Eddie Rosario,.188 (.18807),304
Frank Thomas,.188 (.18807),
Bill Hall,.188 (.18806),306
Jayson Werth,.188 (.18800),307
Charles Johnson,.188 (.18770),308
Andrew McCutchen,.188 (.18768),309
Carlton Fisk,.188 (.18764),310
Del Ennis,.187 (.18748),311
Bob Meusel,.187 (.18740),312
Kendrys Morales,.187 (.18740),
Robinson Cano,.187 (.18728),314
Ron Santo,.187 (.18728),
Gene Tenace,.187 (.18724),316
Gary Roenicke,.187 (.18685),317
Carlos Santana,.187 (.18680),318
Charlie Maxwell,.187 (.18675),319
Charlie Blackmon,.187 (.18670),320
Wes Covington,.186 (.18637),321
Jerry Lynch,.186 (.18618),322
John Mayberry,.186 (.18616),323
Josh Bell,.186 (.18610),324
Doug DeCinces,.186 (.18609),325
Eric Karros,.186 (.18600),326
Javier Báez,.186 (.18583),327
Aubrey Huff,.186 (.18578),328
Jimmy Wynn,.186 (.18578),
Seth Smith,.185 (.18537),330
Jason Kubel,.185 (.18534),331
Mike Lowell,.185 (.18527),332
Wil Myers,.185 (.18479),333
Torii Hunter,.185 (.18460),334
Anthony Rendon,.184 (.18414),335
Tony Perez,.184 (.18409),336
Ron Cey,.184 (.18403),337
Mike Moustakas,.184 (.18399),338
Matt Joyce,.184 (.18370),339
Goose Goslin,.184 (.18369),340
Leon Wagner,.184 (.18369),
Michael Cuddyer,.184 (.18367),342
Bobby Abreu,.183 (.18349),343
Willie Horton,.183 (.18347),344
Cody Ross,.183 (.18332),345
Dmitri Young,.183 (.18312),346
Darrell Evans,.183 (.18310),347
Trea Turner,.183 (.18295),348
Sid Gordon,.183 (.18269),349
Bobby Higginson,.183 (.18269),
George Brett,.183 (.18263),351
Paul O'Neill,.183 (.18256),352
Al Kaline,.182 (.18238),353
Willie Kirkland,.182 (.18203),354
Kevin McReynolds,.182 (.18200),355
Ruben Sierra,.182 (.18200),
Marcus Semien,.182 (.18197),357
Woodie Held,.182 (.18189),358
Hunter Pence,.182 (.18162),359
Darren Daulton,.181 (.18127),360
Eric Hinske,.181 (.18093),361
Dave Parker,.181 (.18091),362
Joe Medwick,.181 (.18088),363
Jackie Jensen,.181 (.18067),364
John Vander Wal,.181 (.18066),365
Bernie Williams,.180 (.18045),366
Pedro Guerrero,.180 (.17990),367
Bill Robinson,.180 (.17988),368
Kevin Young,.180 (.17988),
Hideki Matsui,.180 (.17965),370
Larry Hisle,.180 (.17955),371
Brad Miller,.179 (.17944),372
Bob Nieman,.179 (.17932),373
Rick Monday,.179 (.17911),374
Jason Varitek,.179 (.17905),375
Dan Brouthers,.179 (.17892),376
David Dellucci,.179 (.17891),377
Christian Yelich,.179 (.17891),
Harry Heilmann,.179 (.17889),379
Gary Gaetti,.179 (.17886),380
Jeff Burroughs,.179 (.17883),381
Rondell White,.179 (.17883),
Andre Ethier,.179 (.17854),383
Richie Zisk,.178 (.17846),384
Walker Cooper,.178 (.17843),385
Kevin Millar,.178 (.17833),386
Mike Macfarlane,.178 (.17823),387
J.T. Realmuto,.178 (.17823),
Cory Snyder,.178 (.17806),389
Cy Williams,.178 (.17802),390
Casey Blake,.178 (.17800),391
Dave Henderson,.178 (.17758),392
Jason Thompson,.177 (.17743),393
Ben Oglivie,.177 (.17724),394
Eduardo Escobar,.177 (.17715),395
Bill Skowron,.177 (.17703),396
Johnny Callison,.177 (.17694),397
Adam Jones,.177 (.17692),398
Chili Davis,.177 (.17687),399
Carl Yastrzemski,.177 (.17684),400
Robin Ventura,.177 (.17667),401
Deron Johnson,.176 (.17640),402
Miguel Olivo,.176 (.17636),403
Bret Boone,.176 (.17627),404
Gary Carter,.176 (.17626),405
Mike Marshall,.176 (.17618),406
Larry Parrish,.176 (.17580),407
Chris Iannetta,.176 (.17569),408
Harold Baines,.175 (.17541),409
John Valentin,.175 (.17539),410
Don Baylor,.175 (.17516),411
Kole Calhoun,.175 (.17491),412
Sam Thompson,.175 (.17490),413
Ken Caminiti,.175 (.17478),414
Jonathan Schoop,.175 (.17458),415
Ken Boyer,.174 (.17438),416
Tony Lazzeri,.174 (.17437),417
Vern Stephens,.174 (.17423),418
Andy Seminick,.174 (.17419),419
Ty Wigginton,.174 (.17415),420
Ron Northey,.174 (.17402),421
Ed Bailey,.174 (.17397),422
Rickie Weeks,.174 (.17387),423
Jorge Polanco,.174 (.17380),424
Rusty Greer,.174 (.17367),425
Jim Hickman,.174 (.17363),426
Joe Pepitone,.174 (.17363),
Bill Dickey,.173 (.17349),428
Troy O'Leary,.173 (.17332),429
Bobby Doerr,.173 (.17313),430
Brian Jordan,.173 (.17306),431
Graig Nettles,.173 (.17294),432
Harry Stovey,.173 (.17286),433
Shin-Soo Choo,.173 (.17266),434
Rod Barajas,.173 (.17254),435
Wilmer Flores,.172 (.17248),436
Mike Lieberthal,.172 (.17236),437
Tony Oliva,.172 (.17219),438
Ed Sprague,.172 (.17216),439
Eddie Robinson,.172 (.17188),440
Chris Taylor,.172 (.17179),441
Cal Ripken Jr.,.172 (.17176),442
Jim King,.172 (.17169),443
Jacque Jones,.172 (.17153),444
Steve Finley,.171 (.17122),445
Sam Chapman,.171 (.17121),446
Juan Encarnacion,.171 (.17118),447
Roger Connor,.171 (.17114),448
Stephen Drew,.171 (.17102),449
Justin Turner,.171 (.17098),450
Ian Kinsler,.171 (.17096),451
Kelly Johnson,.171 (.17059),452
Candy Maldonado,.170 (.17024),453
Miguel Tejada,.170 (.17014),454
Jack Fournier,.170 (.17012),455
John Olerud,.170 (.17005),456
Alvin Davis,.170 (.16981),457
Bill White,.170 (.16979),458
Greg Norton,.170 (.16971),459
Joe Ferguson,.170 (.16961),460
Brady Anderson,.170 (.16956),461
Milton Bradley,.169 (.16949),462
Chet Lemon,.169 (.16934),463
Jose Guillen,.169 (.16933),464
Andy Van Slyke,.169 (.16932),465
David Peralta,.169 (.16929),466
Rico Petrocelli,.169 (.16902),467
Jeff King,.169 (.16893),468
Gus Triandos,.169 (.16893),
Juan Rivera,.169 (.16883),470
Travis Fryman,.169 (.16880),471
Harlond Clift,.169 (.16876),472
Donn Clendenon,.168 (.16846),473
Garret Anderson,.168 (.16840),474
Sixto Lezcano,.168 (.16836),475
George Hendrick,.168 (.16805),476
Bobby Murcer,.168 (.16805),
Luis Valbuena,.168 (.16804),478
Buck Freeman,.168 (.16801),479
Al Martin,.168 (.16785),480
Cecil Cooper,.168 (.16764),481
Ivan Rodriguez,.168 (.16754),482
Enrique Hernández,.167 (.16731),483
Ryne Sandberg,.167 (.16708),484
Michael Tucker,.167 (.16679),485
George Scott,.167 (.16669),486
Joe Cronin,.166 (.16638),487
Bill Melton,.166 (.16620),488
Todd Hollandsworth,.166 (.16609),489
Tom Tresh,.166 (.16608),490
Yan Gomes,.166 (.16587),491
Ruppert Jones,.166 (.16580),492
Pablo Sandoval,.166 (.16555),493
Bruce Campbell,.165 (.16527),494
Jose Hernandez,.165 (.16522),495
Mike Pagliarulo,.165 (.16509),496
Rico Carty,.165 (.16482),497
Bill Terry,.165 (.16475),498
Hal McRae,.165 (.16473),499
Ken Keltner,.165 (.16453),500
John Milner,.164 (.16444),501
Scott Brosius,.164 (.16431),502
Ian Desmond,.164 (.16428),503
Vince DiMaggio,.164 (.16420),504
Tommy Pham,.164 (.16420),
Josh Reddick,.164 (.16402),506
Don Mattingly,.164 (.16393),507
John Buck,.164 (.16390),508
Gus Bell,.164 (.16379),509
Ival Goodman,.164 (.16370),510
Johnny Briggs,.163 (.16347),511
Didi Gregorius,.163 (.16337),512
Nate McLouth,.163 (.16334),513
Juan Uribe,.163 (.16329),514
Lyle Overbay,.163 (.16327),515
Andy Pafko,.163 (.16322),516
Bernie Carbo,.163 (.16319),517
Dansby Swanson,.163 (.16313),518
Scott Spiezio,.163 (.16312),519
Gene Freese,.163 (.16309),520
Gates Brown,.163 (.16269),521
Aaron Rowand,.163 (.16255),522
Carmelo Martinez,.162 (.16242),523
Jackie Robinson,.162 (.16239),524
Joe Rudi,.162 (.16235),525
Hank Bauer,.162 (.16229),526
Wayne Gross,.162 (.16224),527
Aaron Boone,.162 (.16223),528
Randy Bush,.162 (.16223),
Jim Northrup,.162 (.16219),530
Richie Hebner,.162 (.16211),531
Walt Dropo,.162 (.16198),532
Darrell Porter,.162 (.16194),533
Jose Altuve,.162 (.16168),534
Joe Jackson,.162 (.16161),535
Daryl Boston,.161 (.16128),536
Mike Easler,.161 (.16127),537
Elmer Smith,.161 (.16119),538
Minnie Minoso,.161 (.16112),539
Ernie Whitt,.161 (.16110),540
Mark Canha,.161 (.16076),541
Mel Hall,.161 (.16073),542
Mike Greenwell,.160 (.16029),543
Juan Samuel,.160 (.16017),544
Charlie Gehringer,.160 (.16005),545
Victor Martinez,.160 (.15993),546
Matt Wieters,.160 (.15974),547
Austin Kearns,.160 (.15973),548
Pedro Feliz,.160 (.15961),549
Ben Zobrist,.160 (.15952),550
Alex Avila,.159 (.15948),551
Jim Morrison,.159 (.15941),552
Carlos Gómez,.159 (.15940),553
Ed Delahanty,.159 (.15923),554
J.T. Snow,.159 (.15919),555
Xander Bogaerts,.159 (.15911),556
Bernard Gilkey,.159 (.15907),557
Neil Walker,.159 (.15907),
George Grantham,.159 (.15895),559
Daniel Murphy,.159 (.15882),560
Todd Zeile,.159 (.15872),561
Carl Furillo,.159 (.15867),562
Kirby Puckett,.159 (.15861),563
Tim Wallach,.159 (.15854),564
Ray Durham,.158 (.15848),565
Carlos Guillen,.158 (.15836),566
Dexter Fowler,.158 (.15833),567
Michael Barrett,.158 (.15831),568
Mickey Cochrane,.158 (.15825),569
Jody Davis,.158 (.15816),570
B.J. Upton,.158 (.15807),571
Brian Downing,.158 (.15803),572
Jerry Martin,.158 (.15799),573
Gary Redus,.158 (.15798),574
Jeff Conine,.158 (.15797),575
Buster Posey,.158 (.15795),576
Rich Aurilia,.158 (.15784),577
Roberto Clemente,.158 (.15782),578
David Murphy,.158 (.15777),579
John Stone,.158 (.15777),
Cesar Cedeno,.158 (.15773),581
Bobby Grich,.158 (.15762),582
Al Smith,.157 (.15718),583
Gary Matthews,.157 (.15713),584
Tommie Agee,.157 (.15695),585
Alex Rios,.157 (.15688),586
Dan Ford,.157 (.15686),587
Lloyd Moseby,.157 (.15684),588
Tom Haller,.157 (.15680),589
Jackie Bradley Jr.,.157 (.15663),590
Danny Litwhiler,.157 (.15655),591
Willie Upshaw,.157 (.15655),
Wally Moon,.157 (.15651),593
Vada Pinson,.156 (.15625),594
Kevin Kiermaier,.156 (.15617),595
Jhonny Peralta,.156 (.15608),596
Sid Bream,.156 (.15605),597
Carl Reynolds,.156 (.15595),598
Dick McAuliffe,.156 (.15586),599
Jason Kipnis,.156 (.15577),600
Devon White,.156 (.15577),
Joe Morgan,.156 (.15576),602
Dwayne Murphy,.156 (.15574),603
High Pockets Kelly,.156 (.15568),604
Tris Speaker,.156 (.15566),605
Roy Cullenbine,.155 (.15545),606
Stan Spence,.155 (.15526),607
Marlon Byrd,.155 (.15522),608
Asdrubal Cabrera,.155 (.15516),609
Miguel Montero,.155 (.15496),610
Gerald Williams,.155 (.15495),611
Jeff Francoeur,.155 (.15494),612
Starling Marte,.155 (.15493),613
Joe Torre,.155 (.15469),614
Sal Bando,.155 (.15453),615
Jimmy Rollins,.154 (.15429),616
Darrin Fletcher,.154 (.15428),617
Wil Cordero,.154 (.15426),618
Ray Boone,.154 (.15406),619
Avisaíl García,.154 (.15396),620
Ernie Lombardi,.154 (.15389),621
Irish Meusel,.154 (.15388),622
Melvin Mora,.154 (.15382),623
Frank Catalanotto,.154 (.15377),624
Ramon Hernandez,.154 (.15377),
Ken Singleton,.154 (.15371),626
Sean Rodriguez,.154 (.15358),627
Buck Ewing,.154 (.15357),628
Dusty Baker,.153 (.15344),629
Glenn Wright,.153 (.15338),630
Jason Heyward,.153 (.15322),631
Alex Gordon,.153 (.15318),632
Enos Slaughter,.153 (.15303),633
Mike Tiernan,.153 (.15288),634
Elston Howard,.153 (.15271),635
Steve Kemp,.153 (.15254),636
Kiki Cuyler,.152 (.15249),637
Willie Jones,.152 (.15242),638
Gabe Kapler,.152 (.15220),639
Ted Simmons,.152 (.15219),640
George Harper,.152 (.15215),641
Bob Watson,.152 (.15214),642
J.J. Hardy,.152 (.15211),643
Doug Rader,.152 (.15195),644
Benito Santiago,.152 (.15192),645
Steve Garvey,.152 (.15190),646
Travis Lee,.152 (.15187),647
Craig Biggio,.152 (.15180),648
Earl Torgeson,.152 (.15174),649
Odell Hale,.152 (.15158),650
Brandon Inge,.152 (.15158),
Aaron Hill,.151 (.15143),652
Billy Butler,.151 (.15142),653
Damion Easley,.151 (.15135),654
Norm Siebern,.151 (.15131),655
Bob Elliott,.151 (.15124),656
David Segui,.151 (.15123),657
Rusty Staub,.151 (.15113),658
Greg Brock,.151 (.15084),659
Smoky Burgess,.151 (.15075),660
Eric Hosmer,.151 (.15057),661
Wally Joyner,.151 (.15055),662
Jay Bell,.150 (.15045),663
Jackie Brandt,.150 (.15019),664
Matt Lawton,.150 (.15012),665
Shane Victorino,.150 (.15011),666
Tim Teufel,.150 (.15006),667
Bill Freehan,.150 (.15001),668
John Lowenstein,.150 (.14988),669
Kevin Pillar,.150 (.14984),670
Alex Gonzalez,.150 (.14968),671
Del Crandall,.150 (.14962),672
Lou Whitaker,.150 (.14959),673
Barry Larkin,.150 (.14955),674
Bing Miller,.150 (.14955),
John Reilly,.149 (.14944),676
Jurickson Profar,.149 (.14939),677
Jed Lowrie,.149 (.14930),678
Terry Steinbach,.149 (.14919),679
Von Hayes,.149 (.14917),680
Gary Ward,.149 (.14914),681
Steve Buechele,.149 (.14909),682
Heinie Manush,.149 (.14907),683
Willard Marshall,.149 (.14907),
Wes Helms,.149 (.14902),685
Eddie Bressoud,.149 (.14869),686
Amos Otis,.149 (.14865),687
Orlando Merced,.149 (.14857),688
Alex Gonzalez,.148 (.14848),689
Johnny Damon,.148 (.14842),690
Corey Patterson,.148 (.14841),691
Russell Martin,.148 (.14840),692
Gus Suhr,.148 (.14838),693
Hoot Evers,.148 (.14812),694
Jim Tabor,.148 (.14810),695
Al Oliver,.148 (.14808),696
Andrew Benintendi,.148 (.14798),697
Gary Matthews,.148 (.14794),698
Pete O'Brien,.148 (.14769),699
George McQuinn,.148 (.14756),700
Gene Woodling,.147 (.14749),701
Marwin Gonzalez,.147 (.14748),702
Chuck Hinton,.147 (.14743),703
Mike Devereaux,.147 (.14733),704
Rich Gedman,.147 (.14688),705
Jay Payton,.147 (.14685),706
Michael Taylor,.147 (.14664),707
Jose Vidro,.146 (.14649),708
Felipe Alou,.146 (.14648),709
Shawon Dunston,.146 (.14611),710
Tilly Walker,.146 (.14604),711
Todd Walker,.146 (.14603),712
Oyster Burns,.146 (.14600),713
Brandon Crawford,.146 (.14594),714
Robby Thompson,.146 (.14592),715
Bob Bailey,.146 (.14584),716
David Freese,.146 (.14582),717
Ty Cobb,.146 (.14562),718
John Kruk,.145 (.14550),719
Hector Lopez,.145 (.14535),720
Sean Casey,.145 (.14528),721
Jim Rivera,.145 (.14527),722
Brandon Phillips,.145 (.14516),723
Don Money,.145 (.14513),724
Derek Bell,.145 (.14504),725
Pepper Martin,.145 (.14501),726
Carl Crawford,.145 (.14470),727
Charlie Hickman,.145 (.14465),728
Jason Michaels,.145 (.14451),729
Jeffrey Leonard,.144 (.14450),730
Joe Oliver,.144 (.14434),731
Yonder Alonso,.144 (.14426),732
Robin Yount,.144 (.14426),
Bob Skinner,.144 (.14405),734
Dan Driessen,.144 (.14364),735
Jose Reyes,.144 (.14354),736
Jeff Blauser,.144 (.14352),737
Mark DeRosa,.143 (.14313),738
Max Alvis,.143 (.14301),739
Davey Johnson,.143 (.14301),
Sam Crawford,.143 (.14284),741
Mickey Vernon,.143 (.14271),742
Roberto Alomar,.143 (.14262),743
Travis Jackson,.143 (.14262),
Marquis Grissom,.142 (.14248),745
Ronnie Belliard,.142 (.14232),746
Lee Thomas,.142 (.14230),747
Jonathan Lucroy,.142 (.14227),748
Claudell Washington,.142 (.14204),749
Jonathan Villar,.142 (.14193),750
Brett Gardner,.142 (.14189),751
Ron Fairly,.142 (.14170),752
John Mabry,.142 (.14168),753
Paul Molitor,.142 (.14167),754
Joe Randa,.141 (.14149),755
Sam Mele,.141 (.14140),756
Frankie Hayes,.141 (.14111),757
Roy Johnson,.141 (.14109),758
Michael Brantley,.141 (.14103),759
Kevin Bass,.141 (.14094),760
Michael Young,.141 (.14094),
Freddy Galvis,.141 (.14078),762
Cito Gaston,.141 (.14071),763
Marty McManus,.141 (.14069),764
Edgardo Alfonzo,.140 (.14039),765
Roberto Kelly,.140 (.14030),766
Paul Waner,.140 (.14018),767
Keith Hernandez,.140 (.14003),768
Dustin Pedroia,.140 (.13994),769
Martín Maldonado,.140 (.13992),770
Rickey Henderson,.140 (.13986),771
A.J. Pierzynski,.140 (.13978),772
Willie Crawford,.140 (.13974),773
Greg Myers,.140 (.13971),774
David Bell,.139 (.13925),775
Ken Henderson,.139 (.13925),
Baby Doll Jacobson,.139 (.13891),777
Mark Grace,.139 (.13887),778
Honus Wagner,.139 (.13873),779
Roy Smalley,.138 (.13841),780
Earl Battey,.138 (.13832),781
Orlando Hudson,.138 (.13824),782
Delmon Young,.138 (.13802),783
Sherm Lollar,.138 (.13773),784
Earle Combs,.138 (.13766),785
Jim Dwyer,.138 (.13763),786
Freddie Lindstrom,.138 (.13759),787
Ben Chapman,.138 (.13754),788
Scott Hatteberg,.137 (.13748),789
Mitch Webster,.137 (.13747),790
Bengie Molina,.137 (.13736),791
Bill Madlock,.137 (.13725),792
Riggs Stephenson,.137 (.13709),793
Jimmy Ryan,.137 (.13707),794
David DeJesus,.137 (.13697),795
Coco Crisp,.137 (.13693),796
Henry Larkin,.137 (.13692),797
Jim Spencer,.137 (.13672),798
Gregg Zaun,.136 (.13643),799
Chase Headley,.136 (.13640),800
Hardy Richardson,.136 (.13634),801
Gee Walker,.136 (.13632),802
Howie Kendrick,.136 (.13630),803
Chris Chambliss,.136 (.13618),804
Don Zimmer,.136 (.13616),805
Curt Walker,.136 (.13606),806
Arky Vaughan,.136 (.13591),807
Charlie Hayes,.136 (.13588),808
Lee Maye,.136 (.13587),809
Mike Donlin,.136 (.13570),810
Jose Cruz,.136 (.13566),811
Daryl Spencer,.136 (.13554),812
Nick Markakis,.136 (.13551),813
Brook Jacoby,.135 (.13540),814
Irv Noren,.135 (.13530),815
Johnny Grubb,.135 (.13529),816
Sherry Magee,.135 (.13520),817
Home Run Baker,.135 (.13519),818
Larry Herndon,.135 (.13512),819
Phil Bradley,.135 (.13505),820
Pinky Higgins,.135 (.13502),821
Jack Clements,.135 (.13500),822
Ken McMullen,.135 (.13487),823
Ken Griffey,.135 (.13474),824
Brian McRae,.135 (.13473),825
Merv Rettenmund,.135 (.13464),826
Frank McCormick,.135 (.13454),827
Geoff Blum,.134 (.13439),828
Bibb Falk,.134 (.13435),829
Jorge Orta,.134 (.13433),830
Joe Kelley,.134 (.13431),831
Rance Mulliniks,.134 (.13421),832
Mark Sweeney,.134 (.13388),833
Red Kress,.134 (.13387),834
Jim Fregosi,.134 (.13383),835
Lenny Dykstra,.134 (.13380),836
Clint Barmes,.134 (.13377),837
Hubie Brooks,.134 (.13375),838
Glenn Wilson,.134 (.13370),839
Bob Fothergill,.134 (.13368),840
Gil McDougald,.134 (.13366),841
Jeff Cirillo,.134 (.13362),842
Jose Lopez,.134 (.13356),843
"Sandy Alomar, Jr.",.134 (.13355),844
Bill Mueller,.134 (.13355),
Ed Charles,.134 (.13354),846
Zack Wheat,.134 (.13354),
Jacoby Ellsbury,.134 (.13351),848
Brooks Robinson,.133 (.13347),849
Tom Paciorek,.133 (.13346),850
Whit Merrifield,.133 (.13339),851
Kolten Wong,.133 (.13330),852
Steve Henderson,.133 (.13318),853
Doug Mientkiewicz,.133 (.13315),854
Shannon Stewart,.133 (.13312),855
Brian Roberts,.133 (.13307),856
Al Cowens,.133 (.13300),857
Jim Russell,.133 (.13296),858
Willie Davis,.133 (.13266),859
Roy White,.133 (.13263),860
Gregg Jefferies,.133 (.13261),861
Charlie Bennett,.132 (.13242),862
Ken Landreaux,.132 (.13241),863
Joe Mauer,.132 (.13232),864
Kurt Suzuki,.132 (.13230),865
Denny Lyons,.132 (.13228),866
Elmer Flick,.132 (.13221),867
Starlin Castro,.132 (.13214),868
Dick Williams,.132 (.13214),
Lonnie Smith,.132 (.13211),870
Robbie Grossman,.132 (.13210),871
Tip O'Neill,.132 (.13208),872
Keith Moreland,.132 (.13207),873
Bobby Veach,.132 (.13206),874
Augie Galan,.132 (.13205),875
Randy Velarde,.132 (.13195),876
Chad Curtis,.132 (.13194),877
King Kelly,.132 (.13187),878
B.J. Surhoff,.132 (.13175),879
Randy Winn,.132 (.13175),
Ned Williamson,.132 (.13170),881
Harry Davis,.132 (.13167),882
Don Hoak,.132 (.13165),883
Melky Cabrera,.132 (.13158),884
Carlos Baerga,.131 (.13146),885
Tim Raines,.131 (.13142),886
Paul Blair,.131 (.13141),887
Toby Harrah,.131 (.13132),888
Dixie Walker,.131 (.13101),889
George Wood,.131 (.13056),890
Joe Vosmik,.130 (.13048),891
Tito Francona,.130 (.13025),892
Tommy Holmes,.130 (.13021),893
Mike Lansing,.130 (.13012),894
Clete Boyer,.130 (.13010),895
Derek Jeter,.130 (.13006),896
Alan Trammell,.130 (.12995),897
Ollie Brown,.130 (.12960),898
Gordon Beckham,.130 (.12959),899
Gene Moore,.130 (.12955),900
Mike Jorgensen,.129 (.12949),901
Hal Morris,.129 (.12906),902
Mickey Stanley,.129 (.12903),903
Phil Garner,.129 (.12875),904
Al Zarilla,.129 (.12871),905
Joe Kuhel,.129 (.12863),906
Greg Gagne,.129 (.12850),907
Don Slaught,.128 (.12848),908
Mark Kotsay,.128 (.12840),909
Garry Maddox,.128 (.12826),910
Gerardo Parra,.128 (.12824),911
Nap Lajoie,.128 (.12817),912
George Sisler,.128 (.12810),913
Roy Howell,.128 (.12793),914
Angel Pagan,.128 (.12782),915
Jim Landis,.128 (.12780),916
Jake Beckley,.128 (.12776),917
Willie Montanez,.128 (.12767),918
Frank White,.128 (.12762),919
Joel Youngblood,.127 (.12736),920
Yuniesky Betancourt,.127 (.12734),921
Tony Gonzalez,.127 (.12724),922
Steve Yeager,.127 (.12723),923
Carlos Ruiz,.127 (.12715),924
Felipe Lopez,.127 (.12705),925
Daniel Descalso,.127 (.12703),926
Jay Johnstone,.127 (.12694),927
Wally Pipp,.127 (.12684),928
Buddy Bell,.127 (.12674),929
Vic Power,.127 (.12670),930
Dan Meyer,.127 (.12667),931
Eddie Joost,.127 (.12665),932
Sam Wise,.127 (.12652),933
James Loney,.126 (.12602),934
Fred Luderus,.126 (.12595),935
Casey Stengel,.126 (.12593),936
Sam West,.126 (.12589),937
Marlon Anderson,.126 (.12578),938
Floyd Robinson,.126 (.12576),939
Reed Johnson,.126 (.12562),940
Lee Mazzilli,.126 (.12561),941
Davey Lopes,.125 (.12543),942
Josh Harrison,.125 (.12538),943
Wally Moses,.125 (.12534),944
Frank Malzone,.125 (.12528),945
Joe Cunningham,.125 (.12522),946
Ed Kirkpatrick,.125 (.12518),947
Darin Erstad,.125 (.12517),948
John Flaherty,.125 (.12515),949
Hugh Duffy,.125 (.12511),950
Pete Browning,.125 (.12510),951
John Shelby,.125 (.12492),952
Tony Bernazard,.125 (.12486),953
Dave May,.125 (.12480),954
Martin Prado,.125 (.12470),955
Zoilo Versalles,.125 (.12468),956
Frank Schulte,.124 (.12429),957
Heinie Zimmerman,.124 (.12425),958
Jerry Denny,.124 (.12406),959
Lee Lacy,.124 (.12398),960
Red Rolfe,.124 (.12389),961
Cleon Jones,.124 (.12386),962
Lorenzo Cain,.124 (.12378),963
Kenny Lofton,.124 (.12377),964
Elmer Smith,.124 (.12361),965
Brian Harper,.123 (.12345),966
Tony Phillips,.123 (.12341),967
Mike Lum,.123 (.12324),968
Edd Roush,.123 (.12318),969
Buddy Lewis,.123 (.12317),970
Phil Cavarretta,.123 (.12289),971
Paul Lo Duca,.123 (.12282),972
Jerry Morales,.123 (.12279),973
George Burns,.122 (.12232),974
Alexei Ramirez,.122 (.12232),
Tommy Harper,.122 (.12219),976
Babe Dahlgren,.122 (.12213),977
Joe Judge,.122 (.12206),978
Spud Davis,.122 (.12197),979
Brian Schneider,.122 (.12196),980
Harry Rice,.122 (.12193),981
Terry Kennedy,.122 (.12191),982
Alvin Dark,.122 (.12190),983
Johnny Roseboro,.122 (.12172),984
Austin Jackson,.122 (.12167),985
Rafael Furcal,.122 (.12166),986
Pat Borders,.122 (.12157),987
Mark Ellis,.122 (.12156),988
Chief Wilson,.122 (.12154),989
Yadier Molina,.122 (.12153),990
Mariano Duncan,.121 (.12145),991
Terry Pendleton,.121 (.12144),992
Glenn Myatt,.121 (.12136),993
Jimmy Williams,.121 (.12133),994
Ed Konetchy,.121 (.12132),995
Granny Hamner,.121 (.12125),996
Warren Cromartie,.121 (.12121),997
Dom DiMaggio,.121 (.12110),998
Tom Brookens,.121 (.12109),999
Bake McBride,.121 (.12094),1000
