Name,Outs,Rank
Pete Rose,"10,327",1
Hank Aaron,"9,136",2
Carl Yastrzemski,"9,126",3
Cal Ripken Jr.,"8,893",4
Albert Pujols,"8,630",5
Eddie Murray,"8,570",6
Rickey Henderson,"8,510",7
Omar Vizquel,"8,427",8
Dave Winfield,"8,422",9
Robin Yount,"8,415",10
Adrián Beltré,"8,340",11
Brooks Robinson,"8,340",
Craig Biggio,"8,272",13
Derek Jeter,"8,265",14
Luis Aparicio,"8,110",15
Rabbit Maranville,"8,107",16
Willie Mays,"8,056",17
Paul Molitor,"8,040",18
Ty Cobb,"7,940",19
Alex Rodriguez,"7,912",20
Rafael Palmeiro,"7,858",21
Lou Brock,"7,823",22
Stan Musial,"7,704",23
Miguel Cabrera,"7,675",24
George Brett,"7,673",25
Reggie Jackson,"7,659",26
Andre Dawson,"7,621",27
Al Kaline,"7,594",28
Frank Robinson,"7,528",29
Ozzie Smith,"7,528",
Rusty Staub,"7,509",31
Harold Baines,"7,482",32
Tony Perez,"7,462",33
Carlos Beltran,"7,420",34
"Ken Griffey, Jr.","7,398",35
Tris Speaker,"7,338",36
Eddie Collins,"7,320",37
Barry Bonds,"7,313",38
Vada Pinson,"7,304",39
Johnny Damon,"7,291",40
Steve Finley,"7,285",41
Honus Wagner,"7,267",42
Ernie Banks,"7,261",43
Ivan Rodriguez,"7,257",44
Max Carey,"7,234",45
Joe Morgan,"7,174",46
Jimmy Rollins,"7,170",47
Ichiro Suzuki,"7,152",48
Bill Buckner,"7,146",49
Gary Gaetti,"7,108",50
Graig Nettles,"7,096",51
Nellie Fox,"7,080",52
Darrell Evans,"7,075",53
Dave Parker,"7,055",54
Willie Davis,"7,051",55
Bert Campaneris,"6,999",56
Gary Sheffield,"6,987",57
Luis Gonzalez,"6,973",58
Billy Williams,"6,969",59
Dwight Evans,"6,965",60
Buddy Bell,"6,955",61
Dave Concepcion,"6,932",62
Roberto Alomar,"6,914",63
Sam Crawford,"6,880",64
Roberto Clemente,"6,877",65
Rod Carew,"6,857",66
Torii Hunter,"6,838",67
Sammy Sosa,"6,809",68
Doc Cramer,"6,787",69
Mel Ott,"6,771",70
Carlton Fisk,"6,767",71
Jake Beckley,"6,763",72
Bill Dahlen,"6,739",73
Chili Davis,"6,737",74
Al Oliver,"6,736",75
Tommy Corcoran,"6,709",76
Harry Hooper,"6,687",77
Steve Garvey,"6,672",78
Tim Raines,"6,670",79
Tony Gwynn,"6,662",80
Larry Bowa,"6,647",81
Chipper Jones,"6,640",82
Ted Simmons,"6,639",83
Sam Rice,"6,638",84
Julio Franco,"6,609",85
Mickey Vernon,"6,608",86
Paul Waner,"6,608",
Fred McGriff,"6,604",88
Lou Whitaker,"6,599",89
Frankie Frisch,"6,590",90
Lave Cross,"6,586",91
Nap Lajoie,"6,579",92
Wade Boggs,"6,566",93
George Davis,"6,555",94
Joe Carter,"6,551",95
Robinson Cano,"6,530",96
Don Baylor,"6,510",97
David Ortiz,"6,507",98
Mike Schmidt,"6,490",99
Bobby Wallace,"6,484",100
Eddie Mathews,"6,478",101
Garret Anderson,"6,455",102
Jeff Kent,"6,434",103
Zack Wheat,"6,434",
Miguel Tejada,"6,429",105
Paul Konerko,"6,426",106
Luke Appling,"6,418",107
Marquis Grissom,"6,411",108
Harmon Killebrew,"6,399",109
Bobby Abreu,"6,389",110
Alan Trammell,"6,388",111
Red Schoendienst,"6,386",112
B.J. Surhoff,"6,360",113
Tim Wallach,"6,355",114
Jim Thome,"6,354",115
Ryne Sandberg,"6,347",116
Edgar Renteria,"6,339",117
Brett Butler,"6,322",118
Ron Santo,"6,293",119
Pee Wee Reese,"6,285",120
Willie Randolph,"6,283",121
Charlie Gehringer,"6,278",122
Willie McCovey,"6,259",123
Ruben Sierra,"6,258",124
Frank White,"6,258",
Nick Markakis,"6,237",126
Gary Carter,"6,233",127
Jim Rice,"6,221",128
Andrew McCutchen,"6,204",129
Dale Murphy,"6,192",130
Goose Goslin,"6,172",131
Aramis Ramirez,"6,166",132
Elvis Andrus,"6,155",133
Brian Downing,"6,125",134
Cap Anson,"6,124",135
Fred Clarke,"6,121",136
Bill Mazeroski,"6,113",137
Don Kessinger,"6,109",138
Frank Thomas,"6,100",139
Kenny Lofton,"6,098",140
Bid McPhee,"6,097",141
Richie Ashburn,"6,096",142
Yadier Molina,"6,091",143
Andres Galarraga,"6,082",144
Tony Taylor,"6,080",145
Jimmy Dykes,"6,073",146
Carlos Santana,"6,072",147
Tommy Leach,"6,070",148
Tony Fernandez,"6,062",149
Carlos Lee,"6,058",150
Manny Ramirez,"6,038",151
Jose Cruz,"6,030",152
Al Simmons,"6,030",
Joe Kuhel,"6,028",154
Willie Keeler,"6,025",155
Garry Templeton,"6,024",156
Vladimir Guerrero,"6,000",157
Andruw Jones,"5,988",158
Barry Larkin,"5,978",159
Mark Grace,"5,975",160
Royce Clayton,"5,968",161
Tony Phillips,"5,967",162
Johnny Bench,"5,955",163
Orlando Cepeda,"5,952",164
Willie Stargell,"5,938",165
Todd Zeile,"5,932",166
Alfonso Soriano,"5,924",167
Bernie Williams,"5,919",168
Charlie Grimm,"5,911",169
Joe Torre,"5,908",170
Lee May,"5,906",171
Maury Wills,"5,902",172
Mickey Mantle,"5,899",173
Joe Judge,"5,898",174
Orlando Cabrera,"5,896",175
Jeff Bagwell,"5,887",176
Jay Bell,"5,877",177
Michael Young,"5,874",178
Bob Boone,"5,868",179
Stuffy McInnis,"5,859",180
George Scott,"5,859",
Willie Wilson,"5,847",182
Toby Harrah,"5,845",183
Dick Bartell,"5,838",184
Donie Bush,"5,818",185
Bill Russell,"5,818",
Jake Daubert,"5,817",187
Billy Herman,"5,816",188
George Sisler,"5,808",189
Jimmy Sheckard,"5,807",190
Enos Slaughter,"5,800",191
Eddie Yost,"5,798",192
Jason Kendall,"5,796",193
Dick Groat,"5,767",194
Juan Pierre,"5,765",195
Brandon Phillips,"5,758",196
Babe Ruth,"5,758",
Ed Konetchy,"5,757",198
Chris Speier,"5,751",199
Ian Kinsler,"5,750",200
Willie McGee,"5,749",201
Todd Helton,"5,746",202
Roger Peckinpaugh,"5,741",203
Chris Chambliss,"5,738",204
Ray Durham,"5,725",205
Freddie Freeman,"5,721",206
Nelson Cruz,"5,720",207
Kid Gleason,"5,720",
Jimmy Ryan,"5,716",209
Devon White,"5,714",210
Jose Reyes,"5,711",211
John Olerud,"5,707",212
Herman Long,"5,705",213
Jimmie Foxx,"5,700",214
Evan Longoria,"5,699",215
Amos Otis,"5,687",216
Raul Ibanez,"5,684",217
Cesar Cedeno,"5,672",218
Rogers Hornsby,"5,670",219
Jesse Burkett,"5,661",220
Ken Boyer,"5,654",221
Jose Altuve,"5,646",222
Fred Tenney,"5,641",223
Yogi Berra,"5,630",224
Curtis Granderson,"5,629",225
Ron Fairly,"5,622",226
Ron Cey,"5,616",227
Willie Horton,"5,614",228
Scott Rolen,"5,611",229
Paul O'Neill,"5,604",230
Lance Parrish,"5,600",231
A.J. Pierzynski,"5,597",232
Joe Cronin,"5,588",233
Sal Bando,"5,587",234
Jim Gilliam,"5,564",235
John Ward,"5,563",236
George Van Haltren,"5,547",237
Sherry Magee,"5,544",238
Ken Singleton,"5,533",239
Bobby Bonilla,"5,531",240
Felipe Alou,"5,529",241
Jose Canseco,"5,528",242
Jason Giambi,"5,527",243
Clyde Milan,"5,525",244
Paul Goldschmidt,"5,517",245
George Hendrick,"5,514",246
Bobby Bonds,"5,513",247
Hal McRae,"5,504",248
Robin Ventura,"5,502",249
Victor Martinez,"5,501",250
Alfredo Griffin,"5,499",251
Carlos Delgado,"5,498",252
Keith Hernandez,"5,493",253
Tino Martinez,"5,491",254
Roy McMillan,"5,491",
Benito Santiago,"5,491",
Hal Chase,"5,490",257
Lou Gehrig,"5,489",258
Carney Lansford,"5,484",259
Tommy Davis,"5,483",260
Cecil Cooper,"5,481",261
Wally Pipp,"5,481",
Del Ennis,"5,480",263
Dusty Baker,"5,479",264
Lloyd Waner,"5,478",265
Terry Pendleton,"5,476",266
Edwin Encarnacion,"5,473",267
Ellis Burks,"5,471",268
Gary Matthews,"5,470",269
Harry Heilmann,"5,468",270
Pie Traynor,"5,467",271
Dave Bancroft,"5,465",272
Heinie Manush,"5,458",273
Bobby Grich,"5,454",274
Tom Brown,"5,451",275
Manny Machado,"5,445",276
Jose Cardenal,"5,435",277
Stan Hack,"5,432",278
Mike Cameron,"5,427",279
Placido Polanco,"5,427",
Steve Sax,"5,427",
Alvin Dark,"5,417",282
George Burns,"5,415",283
Adam Dunn,"5,414",284
Bobby Doerr,"5,412",285
Wally Moses,"5,412",
Gil Hodges,"5,411",287
Joe Medwick,"5,411",
Matt Williams,"5,410",289
George Foster,"5,396",290
Wally Joyner,"5,391",291
Jim Bottomley,"5,383",292
Dave Kingman,"5,381",293
Adrian Gonzalez,"5,380",294
Patsy Donovan,"5,370",295
Joey Votto,"5,362",296
Shawn Green,"5,361",297
Ken Griffey,"5,361",
Adam Jones,"5,358",299
Aurelio Rodriguez,"5,355",300
Leo Cardenas,"5,349",301
Jack Clark,"5,348",302
Chet Lemon,"5,347",303
Ozzie Guillen,"5,345",304
Duke Snider,"5,345",
Reggie Smith,"5,343",306
Roger Connor,"5,336",307
Bob Elliott,"5,335",308
Edd Roush,"5,335",
Mark Grudzielanek,"5,320",310
Larry Parrish,"5,313",311
Jimmy Wynn,"5,312",312
Derrek Lee,"5,307",313
Mark Teixeira,"5,303",314
Jeff Conine,"5,298",315
Ted Williams,"5,291",316
Kirby Puckett,"5,285",317
Vinny Castilla,"5,284",318
Fred Lynn,"5,279",319
Bobby Lowe,"5,277",320
Edgar Martinez,"5,273",321
Will Clark,"5,259",322
Bret Boone,"5,257",323
Joe Sewell,"5,253",324
Claudell Washington,"5,253",
Melky Cabrera,"5,246",326
Justin Upton,"5,230",327
Moises Alou,"5,226",328
Matt Holliday,"5,216",329
Roy White,"5,209",330
Tony Pena,"5,205",331
Dummy Hoy,"5,192",332
Boog Powell,"5,189",333
Asdrubal Cabrera,"5,186",334
Magglio Ordonez,"5,182",335
Buddy Myer,"5,179",336
Del Pratt,"5,171",337
Bobby Murcer,"5,166",338
Chase Utley,"5,165",339
Don Mattingly,"5,159",340
Jim Edmonds,"5,156",341
Joe Quinn,"5,147",342
Bob Johnson,"5,146",343
Cy Williams,"5,142",344
Jhonny Peralta,"5,141",345
Johnny Callison,"5,138",346
Larry Gardner,"5,136",347
Jim O'Rourke,"5,131",348
Brady Anderson,"5,127",349
Norm Cash,"5,126",350
Kiki Cuyler,"5,118",351
Harvey Kuenn,"5,116",352
Vernon Wells,"5,113",353
Joe Adcock,"5,109",354
Ryan Zimmerman,"5,106",355
Joe Mauer,"5,100",356
Gee Walker,"5,099",357
Jim Fregosi,"5,094",358
Nolan Arenado,"5,091",359
Fielder Jones,"5,081",360
Mike Piazza,"5,078",361
Brad Ausmus,"5,073",362
Ron Gant,"5,067",363
Frank Schulte,"5,063",364
Rocky Colavito,"5,058",365
Minnie Minoso,"5,056",366
Pinky Higgins,"5,049",367
Larry Walker,"5,048",368
Davey Lopes,"5,045",369
Shano Collins,"5,044",370
Cookie Rojas,"5,044",
Tom Brunansky,"5,042",372
George Kell,"5,041",373
Marty McManus,"5,036",374
Luis Castillo,"5,032",375
Joe Tinker,"5,032",
Jack Glasscock,"5,007",377
Arlie Latham,"5,007",
Eric Karros,"5,004",379
Mark McLemore,"5,000",380
Ed Brinkman,"4,998",381
Ossie Bluege,"4,996",382
Carl Crawford,"4,994",383
Frank Howard,"4,992",384
Travis Fryman,"4,990",385
Jermaine Dye,"4,984",386
Germany Smith,"4,982",387
Billy Jurges,"4,976",388
Alex Rios,"4,974",389
Bill Madlock,"4,971",390
Phil Cavarretta,"4,970",391
Tommy Harper,"4,970",
Mark Kotsay,"4,969",393
Greg Luzinski,"4,968",394
Ed Delahanty,"4,963",395
Harry Davis,"4,956",396
Alex Gordon,"4,954",397
Bobby Veach,"4,948",398
Frankie Crosetti,"4,947",399
Jimmy Collins,"4,943",400
Ryan Braun,"4,942",401
Dave Philley,"4,942",
Roy Sievers,"4,937",403
Tim Foli,"4,932",404
Joe Kelley,"4,926",405
Rafael Furcal,"4,923",406
Frank Thomas,"4,923",
Brian Giles,"4,909",408
Paul Blair,"4,907",409
Don Money,"4,907",
Juan Uribe,"4,906",411
Phil Garner,"4,904",412
Juan Gonzalez,"4,903",413
Gus Bell,"4,897",414
Fred Pfeffer,"4,897",
Ben Chapman,"4,890",416
Bob Bailey,"4,888",417
Anthony Rizzo,"4,882",418
Jim Sundberg,"4,880",419
Matt Kemp,"4,877",420
Everett Scott,"4,876",421
Hunter Pence,"4,875",422
Vern Stephens,"4,874",423
Reggie Sanders,"4,868",424
Hugh Duffy,"4,864",425
Jim Gantner,"4,864",
Ed McKean,"4,864",
Dixie Walker,"4,860",428
Dick McAuliffe,"4,853",429
Greg Vaughn,"4,853",
Ken Caminiti,"4,850",431
Larry Doyle,"4,844",432
Jose Bautista,"4,838",433
Bobby Thomson,"4,838",
Eric Hosmer,"4,836",435
Chuck Knoblauch,"4,836",
Lance Berkman,"4,833",437
Tony Lazzeri,"4,833",
Pete Runnels,"4,827",439
Mark Belanger,"4,826",440
Charlie Jamieson,"4,825",441
Eric Young,"4,819",442
Mickey Doolin,"4,818",443
George Burns,"4,805",444
Garry Maddox,"4,805",
Dante Bichette,"4,802",446
Arky Vaughan,"4,801",447
Mark McGwire,"4,797",448
Juan Samuel,"4,796",449
Hanley Ramirez,"4,792",450
Curt Flood,"4,791",451
Jason Heyward,"4,786",452
Carl Furillo,"4,784",453
Marcus Semien,"4,783",454
Salvador Perez,"4,774",455
Dick Allen,"4,772",456
Ivy Olson,"4,770",457
Andy Pafko,"4,770",
Joe DiMaggio,"4,760",459
Rick Monday,"4,757",460
Milt Stock,"4,752",461
Deron Johnson,"4,750",462
Gabby Hartnett,"4,747",463
Johnny Evers,"4,742",464
Brian McCann,"4,734",465
Bill Freehan,"4,727",466
Manny Trillo,"4,725",467
Randy Winn,"4,722",468
Kent Hrbek,"4,715",469
Terry Turner,"4,714",470
Richie Hebner,"4,706",471
George Bell,"4,705",472
Jay Bruce,"4,699",473
Al Lopez,"4,698",474
Giancarlo Stanton,"4,695",475
Starlin Castro,"4,693",476
Jorge Posada,"4,683",477
Bryce Harper,"4,680",478
Nick Castellanos,"4,679",479
J.D. Martinez,"4,678",480
Tony Cuccinello,"4,675",481
Dode Paskert,"4,671",482
Bill Bruton,"4,668",483
Hubie Brooks,"4,662",484
DJ LeMahieu,"4,657",485
Coco Crisp,"4,656",486
Jim Piersall,"4,656",
Monte Cross,"4,652",488
Aubrey Huff,"4,649",489
Tony Oliva,"4,649",
Clete Boyer,"4,638",491
Bob Watson,"4,636",492
Vic Wertz,"4,636",
Tommy Tucker,"4,635",494
Enos Cabell,"4,633",495
Vic Power,"4,631",496
Mike Bordick,"4,624",497
Shin-Soo Choo,"4,622",498
Lou Boudreau,"4,619",499
Doug DeCinces,"4,615",500
Shawon Dunston,"4,615",
Bill Virdon,"4,614",502
Alex Gonzalez,"4,613",503
Xander Bogaerts,"4,611",504
Willie Jones,"4,605",505
Lloyd Moseby,"4,603",506
Granny Hamner,"4,592",507
Deacon McGuire,"4,589",508
Phil Rizzuto,"4,588",509
Howie Shanks,"4,586",510
Ben Oglivie,"4,580",511
Ben Zobrist,"4,580",
Hughie Critz,"4,577",513
Delino DeShields,"4,576",514
Freddie Patek,"4,575",515
Russell Martin,"4,573",516
Bing Miller,"4,570",517
George McBride,"4,568",518
Harry Steinfeldt,"4,568",
Greg Gagne,"4,567",520
John Anderson,"4,565",521
Jose Guillen,"4,564",522
J.J. Hardy,"4,560",523
Charlie Blackmon,"4,557",524
Johnny Mize,"4,552",525
Darin Erstad,"4,551",526
Heinie Groh,"4,548",527
Alcides Escobar,"4,544",528
Dots Miller,"4,544",
Travis Jackson,"4,541",530
Julian Javier,"4,538",531
Chuck Klein,"4,534",532
Bill Terry,"4,534",
Willie Kamm,"4,530",534
Rick Ferrell,"4,529",535
Claude Ritchey,"4,525",536
Fred Merkle,"4,518",537
Willie Montanez,"4,518",
Felix Millan,"4,516",539
Dustin Pedroia,"4,510",540
Roy Smalley,"4,510",
Lou Piniella,"4,508",542
Bill Hallman,"4,507",543
Howie Kendrick,"4,504",544
David Wright,"4,503",545
Brett Gardner,"4,500",546
Bill White,"4,500",
Eddie Joost,"4,499",548
Jorge Orta,"4,495",549
Sam West,"4,495",
Jack Tobin,"4,491",551
Rudy York,"4,476",552
Kirk Gibson,"4,474",553
Jeromy Burnitz,"4,472",554
George Cutshaw,"4,468",555
Tim Salmon,"4,468",
Brandon Crawford,"4,466",557
Kip Selbach,"4,465",558
Dave Martinez,"4,464",559
Mike Lowell,"4,463",560
Lu Blue,"4,461",561
Bill Dickey,"4,460",562
Whitey Lockman,"4,456",563
Earl Averill,"4,453",564
Raul Mondesi,"4,449",565
Joe Gordon,"4,446",566
Albert Belle,"4,443",567
Ray Lankford,"4,443",
Jose Offerman,"4,441",569
Dan Brouthers,"4,435",570
Frank Bolling,"4,434",571
Marcell Ozuna,"4,434",
Jose Valentin,"4,432",573
Jimmy Austin,"4,424",574
High Pockets Kelly,"4,416",575
Francisco Lindor,"4,415",576
George McQuinn,"4,414",577
Mark Loretta,"4,411",578
Ryan Howard,"4,408",579
Prince Fielder,"4,406",580
Tito Fuentes,"4,405",581
Kurt Suzuki,"4,394",582
Ken Keltner,"4,392",583
Darrell Porter,"4,390",584
Rich Aurilia,"4,386",585
Aaron Hill,"4,384",586
J.T. Snow,"4,378",587
Andy Van Slyke,"4,375",588
Ernie Lombardi,"4,373",589
Paul Hines,"4,372",590
Damion Easley,"4,367",591
Harry Stovey,"4,367",
Augie Galan,"4,365",593
Rafael Ramirez,"4,358",594
Eugenio Suárez,"4,356",595
Marty Marion,"4,350",596
Joe Rudi,"4,348",597
Kyle Seager,"4,347",598
Mark Reynolds,"4,345",599
Adam LaRoche,"4,343",600
Christian Yelich,"4,343",
Ted Kluszewski,"4,342",602
Al Cowens,"4,336",603
Jeff Burroughs,"4,330",604
Eddie Miller,"4,329",605
Home Run Baker,"4,327",606
Eddie Foster,"4,327",
Miller Huggins,"4,324",608
Billy Shindle,"4,320",609
Harlond Clift,"4,319",610
Sparky Adams,"4,311",611
Justin Morneau,"4,303",612
Leo Durocher,"4,299",613
Cesar Tovar,"4,296",614
Pinky Whitney,"4,293",615
Pat Burrell,"4,286",616
Dan Driessen,"4,282",617
Rico Petrocelli,"4,280",618
José Ramírez,"4,280",
Jack Doyle,"4,278",620
Matty Alou,"4,277",621
Ed Kranepool,"4,276",622
Vince Coleman,"4,275",623
Tim McCarver,"4,275",
Bill Wambsganss,"4,275",
Ryan Klesko,"4,272",626
Billy Nash,"4,272",
Charlie Comiskey,"4,270",628
Ian Desmond,"4,270",
José Abreu,"4,269",630
Frank McCormick,"4,268",631
Pete O'Brien,"4,266",632
Starling Marte,"4,263",633
Justin Turner,"4,263",
Mookie Betts,"4,259",635
Marlon Byrd,"4,258",636
David Justice,"4,256",637
John Mayberry,"4,256",
Brian Roberts,"4,256",
Bill Skowron,"4,253",640
Mike Hargrove,"4,252",641
Adam Kennedy,"4,252",
Troy Glaus,"4,247",643
Ray Schalk,"4,244",644
Eric Chavez,"4,243",645
Dave Cash,"4,242",646
Nick Swisher,"4,242",
Jose Vizcaino,"4,238",648
Darryl Strawberry,"4,234",649
Gene Woodling,"4,234",
Bobby Richardson,"4,230",651
Lou Bierbauer,"4,223",652
Jean Segura,"4,219",653
Rico Carty,"4,218",654
Lonny Frey,"4,213",655
Mickey Rivers,"4,213",
Bill Bradley,"4,212",657
Sherm Lollar,"4,211",658
Billy Goodman,"4,208",659
Frank Malzone,"4,207",660
Gregg Jefferies,"4,202",661
Joe Dugan,"4,201",662
Andre Thornton,"4,200",663
Michael Cuddyer,"4,199",664
Mike Griffin,"4,198",665
Scott Fletcher,"4,196",666
Kevin McReynolds,"4,196",
Jayson Werth,"4,195",668
Pete Fox,"4,194",669
Art Fletcher,"4,189",670
Dom DiMaggio,"4,186",671
Cristian Guzman,"4,185",672
Rick Manning,"4,185",
Melvin Mora,"4,185",
Luke Sewell,"4,180",675
Tom Herr,"4,176",676
Terry Steinbach,"4,175",677
Mike Trout,"4,173",678
B.J. Upton,"4,168",679
Bob Meusel,"4,167",680
Tom Daly,"4,166",681
Duke Farrell,"4,166",
Shannon Stewart,"4,160",683
Billy Hamilton,"4,157",684
Buck Herzog,"4,155",685
Al Smith,"4,147",686
Elston Howard,"4,144",687
Duffy Lewis,"4,144",
Bill Nicholson,"4,144",
Joe Randa,"4,142",690
Doug Rader,"4,137",691
Michael Brantley,"4,133",692
Charlie Hayes,"4,131",693
Carlos Baerga,"4,130",694
Johnny Logan,"4,130",
Eric Davis,"4,122",696
Yunel Escobar,"4,122",
Zoilo Versalles,"4,114",698
Von Hayes,"4,113",699
Mo Vaughn,"4,110",700
Don Blasingame,"4,108",701
Jeff Francoeur,"4,108",
Martin Prado,"4,105",703
Del Unser,"4,101",704
Mike Tiernan,"4,100",705
Jeff Cirillo,"4,098",706
George Springer,"4,098",
Cy Seymour,"4,097",708
Pete Suder,"4,096",709
Jimmy Williams,"4,095",710
Tony Armas,"4,094",711
Otis Nixon,"4,089",712
Ron Hunt,"4,086",713
Lance Johnson,"4,084",714
Omar Infante,"4,083",715
Jackie Jensen,"4,083",
Ken McMullen,"4,083",
Tommy Dowd,"4,082",718
King Kelly,"4,081",719
Joe Vosmik,"4,081",
Brandon Inge,"4,079",721
Thurman Munson,"4,075",722
Rondell White,"4,075",
Rick Burleson,"4,074",724
Denis Menke,"4,073",725
Ginger Beaumont,"4,067",726
Nomar Garciaparra,"4,067",
Edgardo Alfonzo,"4,066",728
Cecil Fielder,"4,065",729
Steve Brodie,"4,060",730
Alex Gonzalez,"4,058",731
Wally Gerber,"4,056",732
Freddie Lindstrom,"4,055",733
Denard Span,"4,052",734
Del Crandall,"4,050",735
Erick Aybar,"4,047",736
Bruce Bochte,"4,047",
Omar Moreno,"4,047",
Neifi Perez,"4,040",739
Javy Lopez,"4,034",740
Danny Murphy,"4,033",741
Ted Sizemore,"4,032",742
Jack O'Connor,"4,031",743
Brian McRae,"4,029",744
Alexei Ramirez,"4,028",745
Earle Combs,"4,025",746
Pedro Guerrero,"4,025",
David DeJesus,"4,022",748
Cliff Floyd,"4,020",749
Baby Doll Jacobson,"4,018",750
Sam Thompson,"4,018",
Johnny Temple,"4,017",752
Matt Stairs,"4,016",753
Larry Doby,"4,011",754
Mickey Stanley,"4,011",
Wally Schang,"4,010",756
Bill Doran,"4,009",757
Max Flack,"4,009",
George Stovall,"4,009",
Ramon Hernandez,"4,003",760
Jason Varitek,"4,003",
Mike Moustakas,"3,998",762
Mark Ellis,"3,990",763
Cupid Childs,"3,988",764
Dave Henderson,"3,987",765
Joe Pepitone,"3,987",
Kevin Seitzer,"3,983",767
Spike Owen,"3,978",768
Bones Ely,"3,977",769
Bob Allison,"3,976",770
Jeffrey Leonard,"3,976",
Dolph Camilli,"3,975",772
Elmer Flick,"3,966",773
Johnny Ray,"3,965",774
Red Kress,"3,964",775
Glenn Beckert,"3,959",776
Lonnie Smith,"3,958",777
Wid Conroy,"3,955",778
Tony Gonzalez,"3,955",
Jo-Jo Moore,"3,954",780
Hardy Richardson,"3,954",
Jay Buhner,"3,953",782
Stan Javier,"3,947",783
Ski Melillo,"3,946",784
Carlos Pena,"3,941",785
Buddy Lewis,"3,940",786
Daniel Murphy,"3,940",
Billy Rogell,"3,938",788
Lyle Overbay,"3,937",789
Dexter Fowler,"3,931",790
Chase Headley,"3,931",
Brian Jordan,"3,931",
Chris Davis,"3,930",793
Tito Francona,"3,929",794
Hod Ford,"3,927",795
Hank Bauer,"3,925",796
Roy Thomas,"3,925",
J.D. Drew,"3,920",798
Babe Herman,"3,920",
Howard Johnson,"3,915",800
Roger Maris,"3,915",
Ronnie Belliard,"3,913",802
Tommy Helms,"3,911",803
Josh Donaldson,"3,908",804
Jim Hegan,"3,908",
Heinie Zimmerman,"3,907",806
Dan McGann,"3,906",807
David Eckstein,"3,905",808
George Wood,"3,904",809
Mookie Wilson,"3,903",810
Jim Spencer,"3,901",811
Rollie Hemsley,"3,899",812
Ralph Kiner,"3,898",813
Duff Cooley,"3,888",814
Amos Strunk,"3,886",815
Earl Torgeson,"3,883",816
Freddy Parent,"3,881",817
Elmer Valo,"3,881",
Gus Suhr,"3,879",819
Mike Sweeney,"3,879",
Al Bumbry,"3,871",821
Johnny Roseboro,"3,870",822
Sam Chapman,"3,869",823
Richie Zisk,"3,868",824
Terry Kennedy,"3,867",825
Dave Collins,"3,865",826
Harold Reynolds,"3,864",827
Billy Butler,"3,861",828
Billy Werber,"3,856",829
Jack Wilson,"3,855",830
Rick Dempsey,"3,854",831
Bud Harrelson,"3,854",
Dean Palmer,"3,854",
Gorman Thomas,"3,853",834
Tilly Walker,"3,845",835
Richie Sexson,"3,835",836
Danny Tartabull,"3,831",837
Jose Vidro,"3,830",838
Rey Sanchez,"3,828",839
Tony Womack,"3,827",840
Sandy Alomar,"3,825",841
Sid Gordon,"3,822",842
Jack Fournier,"3,820",843
James Loney,"3,820",
Manny Sanguillen,"3,816",845
Buck Weaver,"3,813",846
David Bell,"3,812",847
George Case,"3,812",
Jerry Mumphrey,"3,809",849
Jimmy Johnston,"3,807",850
Jerry Lumpe,"3,803",851
Doggie Miller,"3,799",852
Larry Herndon,"3,795",853
Ray Knight,"3,795",
Hobe Ferris,"3,791",855
Kitty Bransfield,"3,790",856
Derrel Thomas,"3,789",857
Kendrys Morales,"3,788",858
Ken Reitz,"3,788",
Jimmy Slagle,"3,788",
Ralph Garr,"3,784",861
Bucky Harris,"3,779",862
Paul Radford,"3,779",
Carlos González,"3,775",864
Kevin Bass,"3,774",865
Bobby Higginson,"3,774",
Hy Myers,"3,773",867
Horace Clarke,"3,771",868
Davey Johnson,"3,765",869
Bengie Molina,"3,765",
Gerardo Parra,"3,765",
Ken Oberkfell,"3,764",872
Bobby Byrne,"3,762",873
Burt Shotton,"3,762",
Dan Uggla,"3,759",875
Ned Hanlon,"3,757",876
Carlos Gómez,"3,756",877
Chris Young,"3,756",
Craig Counsell,"3,752",879
Marco Scutaro,"3,751",880
Tommy Griffith,"3,750",881
Mickey Tettleton,"3,749",882
Orlando Hudson,"3,747",883
Buck Ewing,"3,746",884
George Gore,"3,745",885
Terry Puhl,"3,745",
Hal Trosky,"3,741",887
Sean Casey,"3,738",888
Jesse Barfield,"3,737",889
Julio Lugo,"3,734",890
José Cruz,"3,731",891
Luis Polonia,"3,731",
Wilbert Robinson,"3,729",893
Jason Thompson,"3,728",894
Matt Carpenter,"3,724",895
Bob Kennedy,"3,720",896
Walt Weiss,"3,720",
Jerry Priddy,"3,719",898
Juan Beniquez,"3,717",899
Deacon White,"3,716",900
Mickey Cochrane,"3,714",901
Wally Berger,"3,709",902
Elbie Fletcher,"3,707",903
George Grantham,"3,707",
Michael Bourn,"3,704",905
Chone Figgins,"3,704",
John Titus,"3,703",907
Matt Lawton,"3,701",908
Carl Everett,"3,699",909
Wally Moon,"3,699",
Ivan DeJesus,"3,697",911
Buster Posey,"3,696",912
Hank Greenberg,"3,692",913
Steve O'Neill,"3,689",914
Jack Graney,"3,682",915
Jose Hernandez,"3,678",916
Robby Thompson,"3,677",917
Bucky Dent,"3,676",918
Jacoby Ellsbury,"3,676",
Chico Carrasquel,"3,668",920
Roberto Kelly,"3,667",921
Jerry Denny,"3,666",922
Tommy McCarthy,"3,665",923
Juan Encarnacion,"3,664",924
Mariano Duncan,"3,663",925
Jay Johnstone,"3,658",926
J.T. Realmuto,"3,656",927
Chris Gomez,"3,655",928
Hank Sauer,"3,652",929
Tommy Holmes,"3,650",930
David Segui,"3,649",931
Chick Stahl,"3,649",
Jim Northrup,"3,648",933
Candy LaChance,"3,647",934
Mike Kreevich,"3,646",935
Gil McDougald,"3,646",
Bobby Avila,"3,645",937
Johnny Edwards,"3,645",
Eduardo Escobar,"3,644",939
Hector Lopez,"3,644",
Troy Tulowitzki,"3,644",
Dick Hoblitzell,"3,641",942
John Morrill,"3,637",943
Otto Knabe,"3,631",944
Jeff Heath,"3,623",945
Mike Napoli,"3,623",
Frankie Gustine,"3,622",947
Donn Clendenon,"3,619",948
Roy Hartzell,"3,615",949
Jackie Robinson,"3,615",
Tony Batista,"3,614",951
Tom Burns,"3,613",952
Jerry Morales,"3,612",953
Javier Báez,"3,611",954
Andre Ethier,"3,611",
Fred Luderus,"3,611",
Brandon Belt,"3,610",957
Topsy Hartsel,"3,608",958
Jody Reed,"3,607",959
Ken Henderson,"3,604",960
Rube Oldring,"3,599",961
Curt Walker,"3,591",962
Cecil Travis,"3,589",963
Trea Turner,"3,588",964
Terry Moore,"3,587",965
Glenn Hubbard,"3,584",966
Kevin Millar,"3,582",967
Dmitri Young,"3,582",
Jed Lowrie,"3,581",969
Carlos Guillen,"3,580",970
Ken Williams,"3,576",971
Geoff Jenkins,"3,574",972
Don Buford,"3,570",973
Walker Cooper,"3,567",974
Jimmie Wilson,"3,567",
Craig Reynolds,"3,566",976
Jim Davenport,"3,563",977
Ruppert Jones,"3,560",978
Dwayne Murphy,"3,560",
Dan Gladden,"3,559",980
Mickey Morandini,"3,559",
Jerry Remy,"3,559",
Keith Moreland,"3,558",983
Hans Lobert,"3,557",984
Irish Meusel,"3,555",985
Ray Boone,"3,554",986
Joe Hornung,"3,554",
Gus Mancuso,"3,553",988
Kelly Johnson,"3,550",989
Pablo Sandoval,"3,547",990
Woody English,"3,545",991
Dick Schofield,"3,545",
Alex Johnson,"3,543",993
Derek Bell,"3,542",994
Jeff Blauser,"3,542",
Ron Hansen,"3,539",996
"Sandy Alomar, Jr.","3,532",997
Casey Blake,"3,532",
Shane Victorino,"3,532",
Neil Walker,"3,532",1000
Chief Wilson,"3,532",
