Name,Grand Slams,Rank
Alex Rodriguez,25,1
Lou Gehrig,23,2
Manny Ramirez,21,3
Eddie Murray,19,4
Willie McCovey,18,5
Robin Ventura,18,6
Jimmie Foxx,17,7
Carlos Lee,17,8
Ted Williams,17,9
Hank Aaron,16,10
Dave Kingman,16,11
Albert Pujols,16,12
Babe Ruth,16,13
Ken Griffey Jr.,15,14
Ryan Howard,15,15
Richie Sexson,15,16
Jason Giambi,14,17
Gil Hodges,14,18
Mark McGwire,14,19
Mike Piazza,14,20
Harold Baines,13,21
Albert Belle,13,22
Carlos Delgado,13,23
Joe DiMaggio,13,24
George Foster,13,25
Jeff Kent,13,26
Ralph Kiner,13,27
Gary Sheffield,13,28
Ernie Banks,12,29
Don Baylor,12,30
Adam Dunn,12,31
Edwin Encarnacion,12,32
Travis Hafner,12,33
Rogers Hornsby,12,34
Derrek Lee,12,35
Manny Machado,12,36
Rafael Palmeiro,12,37
Joe Rudi,12,38
Matt Stairs,12,39
Mark Teixeira,12,40
Miguel Tejada,12,41
Matt Williams,12,42
Rudy York,12,43
Carlos Beltran,11,44
Johnny Bench,11,45
Barry Bonds,11,46
Gary Carter,11,47
Eric Davis,11,48
Cecil Fielder,11,49
Gary Gaetti,11,50
Hank Greenberg,11,51
Raul Ibanez,11,52
Reggie Jackson,11,53
Harmon Killebrew,11,54
Tino Martinez,11,55
Lee May,11,56
Brian McCann,11,57
David Ortiz,11,58
Giancarlo Stanton,11,59
Willie Stargell,11,60
Danny Tartabull,11,61
Frank Thomas,11,62
Devon White,11,63
Bernie Williams,11,64
Dave Winfield,11,65
Joe Adcock,10,66
George Bell,10,67
Adrián Beltré,10,68
Jay Buhner,10,69
Ellis Burks,10,70
Jeff Burroughs,10,71
Robinson Cano,10,72
Joe Carter,10,73
Darrell Evans,10,74
Steve Finley,10,75
Andres Galarraga,10,76
Curtis Granderson,10,77
Torii Hunter,10,78
Ryan Klesko,10,79
Paul Konerko,10,80
J.D. Martinez,10,81
John Milner,10,82
Jorge Posada,10,83
Aramis Ramirez,10,84
Roy Sievers,10,85
Al Simmons,10,86
Vern Stephens,10,87
Mo Vaughn,10,88
Vic Wertz,10,89
Bobby Abreu,9,90
Javier Báez,9,91
Tony Batista,9,92
Cody Bellinger,9,93
Yogi Berra,9,94
Dante Bichette,9,95
Bobby Bonilla,9,96
Jay Bruce,9,97
Nick Castellanos,9,98
Orlando Cepeda,9,99
Sam Chapman,9,100
Jack Clark,9,101
Walker Cooper,9,102
Alvin Davis,9,103
Shawn Green,9,104
Willie Horton,9,105
Aaron Judge,9,106
Mickey Mantle,9,107
Edgar Martinez,9,108
Fred McGriff,9,109
Stan Musial,9,110
Rico Petrocelli,9,111
Edgar Renteria,9,112
Al Rosen,9,113
Ruben Sierra,9,114
Ted Simmons,9,115
Paul Sorrento,9,116
Sammy Sosa,9,117
Rusty Staub,9,118
Dick Stuart,9,119
Nick Swisher,9,120
Jim Thome,9,121
Jose Valentin,9,122
Todd Zeile,9,123
Gus Zernial,9,124
Dick Allen,8,125
Garret Anderson,8,126
Buddy Bell,8,127
Ray Boone,8,128
Ryan Braun,8,129
Hubie Brooks,8,130
Jeromy Burnitz,8,131
Marlon Byrd,8,132
Norm Cash,8,133
Jeff Conine,8,134
Nelson Cruz,8,135
Michael Cuddyer,8,136
Chili Davis,8,137
Chris Davis,8,138
Rafael Devers,8,139
Bill Dickey,8,140
Bobby Doerr,8,141
Jermaine Dye,8,142
Carl Everett,8,143
Julio Franco,8,144
Carl Furillo,8,145
Juan Gonzalez,8,146
Didi Gregorius,8,147
Bryce Harper,8,148
Chris Hoiles,8,149
Kent Hrbek,8,150
Jackie Jensen,8,151
Bob Johnson,8,152
High Pockets Kelly,8,153
Matt Kemp,8,154
Jeff King,8,155
Jason Kubel,8,156
Tony Lazzeri,8,157
Mike Lowell,8,158
Eddie Mathews,8,159
Willie Mays,8,160
Bill Nicholson,8,161
Trot Nixon,8,162
Ron Northey,8,163
Jim Northrup,8,164
John Olerud,8,165
Matt Olson,8,166
Dean Palmer,8,167
Dave Parker,8,168
Carlos Pena,8,169
A.J. Pierzynski,8,170
Vada Pinson,8,171
Jim Rice,8,172
Cal Ripken Jr.,8,173
Frank Robinson,8,174
Benito Santiago,8,175
Andy Seminick,8,176
Mike Stanley,8,177
Terry Steinbach,8,178
Darryl Strawberry,8,179
Eugenio Suárez,8,180
Fernando Tatis,8,181
Bobby Thomson,8,182
Gus Triandos,8,183
Justin Upton,8,184
Billy Williams,8,185
Roberto Alomar,7,186
Jose Altuve,7,187
Ed Bailey,7,188
Sal Bando,7,189
Jose Bautista,7,190
Wally Berger,7,191
Mike Blowers,7,192
Bobby Bonds,7,193
Ken Boyer,7,194
Alex Bregman,7,195
Tom Brunansky,7,196
Ron Cey,7,197
Roberto Clemente,7,198
Rocky Colavito,7,199
Joe Crede,7,200
Andre Dawson,7,201
Josh Donaldson,7,202
Brian Downing,7,203
Walt Dropo,7,204
Jim Edmonds,7,205
Ron Fairly,7,206
Pedro Feliz,7,207
Freddie Freeman,7,208
Travis Fryman,7,209
Nomar Garciaparra,7,210
Paul Goldschmidt,7,211
Sid Gordon,7,212
Vladimir Guerrero,7,213
Lourdes Gurriel Jr.,7,214
Todd Helton,7,215
Keith Hernandez,7,216
Ramon Hernandez,7,217
Todd Hundley,7,218
Pete Incaviglia,7,219
Brandon Inge,7,220
John Jaha,7,221
Howard Johnson,7,222
Willie Jones,7,223
Brian Jordan,7,224
Charlie Keller,7,225
Chuck Klein,7,226
Francisco Lindor,7,227
Javy Lopez,7,228
Greg Luzinski,7,229
Fred Lynn,7,230
Mike Marshall,7,231
Dick McAuliffe,7,232
Don Mincher,7,233
Yadier Molina,7,234
Justin Morneau,7,235
Max Muncy,7,236
Bobby Murcer,7,237
Phil Nevin,7,238
Al Oliver,7,239
Magglio Ordonez,7,240
Mel Ott,7,241
Marcell Ozuna,7,242
Lance Parrish,7,243
Hunter Pence,7,244
Joe Pepitone,7,245
Darrell Porter,7,246
Boog Powell,7,247
Kirby Puckett,7,248
Josh Reddick,7,249
Mike Schmidt,7,250
Kyle Schwarber,7,251
David Segui,7,252
Marcus Semien,7,253
J.T. Snow,7,254
George Springer,7,255
Jim Tabor,7,256
Gene Tenace,7,257
Chase Utley,7,258
Larry Walker,7,259
Wally Westlake,7,260
Bill White,7,261
Cy Williams,7,262
Carl Yastrzemski,7,263
Nolan Arenado,6,264
Tony Armas,6,265
Bob Aspromonte,6,266
Jeff Bagwell,6,267
Bob Bailey,6,268
Jay Bell,6,269
Todd Benzinger,6,270
Lance Berkman,6,271
Yuniesky Betancourt,6,272
Mookie Betts,6,273
Xander Bogaerts,6,274
Bret Boone,6,275
Jim Bottomley,6,276
Ben Broussard,6,277
Kris Bryant,6,278
Pat Burrell,6,279
Miguel Cabrera,6,280
Ken Caminiti,6,281
Roy Campanella,6,282
Jose Canseco,6,283
Yoenis Cespedes,6,284
Harlond Clift,6,285
Nate Colbert,6,286
Dave Concepcion,6,287
C.J. Cron,6,288
Johnny Damon,6,289
Tommy Davis,6,290
Doug DeCinces,6,291
Vince DiMaggio,6,292
Del Ennis,6,293
Nick Esasky,6,294
Dwight Evans,6,295
Darrin Fletcher,6,296
Wilmer Flores,6,297
Cliff Floyd,6,298
Todd Frazier,6,299
Brad Fullmer,6,300
Scooter Gennett,6,301
Jim Gentile,6,302
Adrian Gonzalez,6,303
Joe Gordon,6,304
Rusty Greer,6,305
Glenallen Hill,6,306
Matt Holliday,6,307
Chipper Jones,6,308
Matt Joyce,6,309
Wally Joyner,6,310
Ray Lankford,6,311
Jeffrey Leonard,6,312
Ernie Lombardi,6,313
Heinie Manush,6,314
Hideki Matsui,6,315
Don Mattingly,6,316
Tim McCarver,6,317
Kevin McReynolds,6,318
Damian Miller,6,319
Minnie Minoso,6,320
Johnny Mize,6,321
Mike Napoli,6,322
Matt Nokes,6,323
Andy Pafko,6,324
Salvador Perez,6,325
Tony Perez,6,326
Tim Raines,6,327
Alexei Ramirez,6,328
Hanley Ramirez,6,329
José Ramírez,6,330
Colby Rasmus,6,331
Pee Wee Reese,6,332
Hunter Renfroe,6,333
Mark Reynolds,6,334
Anthony Rizzo,6,335
Brian Roberts,6,336
Brooks Robinson,6,337
Ivan Rodriguez,6,338
Tim Salmon,6,339
Gary Sánchez,6,340
Carlos Santana,6,341
Ron Santo,6,342
Ken Singleton,6,343
B.J. Surhoff,6,344
Chris Taylor,6,345
Mickey Tettleton,6,346
Marcus Thames,6,347
Andre Thornton,6,348
Mike Trout,6,349
Trea Turner,6,350
Greg Vaughn,6,351
Tim Wallach,6,352
Taylor Ward,6,353
Bob Watson,6,354
Vernon Wells,6,355
Jayson Werth,6,356
Frank White,6,357
Josh Willingham,6,358
Randy Winn,6,359
Christian Yelich,6,360
Dmitri Young,6,361
Ryan Zimmerman,6,362
Ben Zobrist,6,363
José Abreu,5,364
Willy Adames,5,365
Ozzie Albies,5,366
Bob Allison,5,367
Garrett Atkins,5,368
Jason Bay,5,369
Gus Bell,5,370
Casey Blake,5,371
Hank Blalock,5,372
Zeke Bonura,5,373
Clete Boyer,5,374
John Buck,5,375
Bill Buckner,5,376
Johnny Callison,5,377
Mike Cameron,5,378
Dolph Camilli,5,379
Rod Carew,5,380
Cesar Cedeno,5,381
Chris Chambliss,5,382
Eric Chavez,5,383
Jazz Chisholm Jr.,5,384
Will Clark,5,385
Tony Conigliaro,5,386
Cecil Cooper,5,387
Brandon Crawford,5,388
J.P. Crawford,5,389
Kal Daniels,5,390
Darren Daulton,5,391
Jody Davis,5,392
Rob Deer,5,393
Mark DeRosa,5,394
Dom DiMaggio,5,395
Larry Doby,5,396
J.D. Drew,5,397
Hugh Duffy,5,398
Shawon Dunston,5,399
Adam Duvall,5,400
Mike Easler,5,401
Carlton Fisk,5,402
Elbie Fletcher,5,403
Pete Fox,5,404
Joe Foy,5,405
Bill Freehan,5,406
Augie Galan,5,407
Ron Gant,5,408
Steve Garvey,5,409
Brian Giles,5,410
Dan Gladden,5,411
Jonny Gomes,5,412
Yan Gomes,5,413
Carlos González,5,414
Bobby Grich,5,415
Ben Grieve,5,416
Vladimir Guerrero Jr.,5,417
Jose Guillen,5,418
Yuli Gurriel,5,419
Ian Happ,5,420
Toby Harrah,5,421
Gabby Hartnett,5,422
Frankie Hayes,5,423
Woodie Held,5,424
Jose Hernandez,5,425
Teoscar Hernández,5,426
Jim Hickman,5,427
Rhys Hoskins,5,428
Frank Howard,5,429
Roy Howell,5,430
Cliff Johnson,5,431
Davey Johnson,5,432
Kelly Johnson,5,433
Andruw Jones,5,434
David Justice,5,435
Ron Karkovice,5,436
Pat Kelly,5,437
Ken Keltner,5,438
Chet Laabs,5,439
Hank Leiber,5,440
Royce Lewis,5,441
Sherm Lollar,5,442
Felipe Lopez,5,443
Shane Mack,5,444
Roger Maris,5,445
Victor Martinez,5,446
Joe Mauer,5,447
Charlie Maxwell,5,448
James McCann,5,449
Brian McRae,5,450
Bengie Molina,5,451
Raul Mondesi,5,452
Wally Moon,5,453
Melvin Mora,5,454
Colin Moran,5,455
Dale Murphy,5,456
Paul O'Neill,5,457
Rougned Odor,5,458
Joe Oliver,5,459
Lyle Overbay,5,460
Mike Pagliarulo,5,461
Larry Parrish,5,462
Terry Pendleton,5,463
Brandon Phillips,5,464
Buster Posey,5,465
Bill Robinson,5,466
Henry Rodriguez,5,467
Gary Roenicke,5,468
Eddie Rosario,5,469
Cody Ross,5,470
Ryne Sandberg,5,471
Reggie Sanders,5,472
Dick Schofield,5,473
Jonathan Schoop,5,474
Kyle Seager,5,475
Harry Simpson,5,476
Bill Skowron,5,477
Roy Smalley,5,478
Duke Snider,5,479
Alfonso Soriano,5,480
Scott Spiezio,5,481
Rowdy Tellez,5,482
Gorman Thomas,5,483
Alan Trammell,5,484
Mark Trumbo,5,485
Kyle Tucker,5,486
Juan Uribe,5,487
John Vander Wal,5,488
Honus Wagner,5,489
Wes Westrum,5,490
Brad Wilkerson,5,491
Ken Williams,5,492
Hack Wilson,5,493
Jesse Winker,5,494
Gregg Zaun,5,495
Edgardo Alfonzo,4,496
Pete Alonso,4,497
Yonder Alonso,4,498
Yordan Alvarez,4,499
Earl Averill,4,500
Dusty Baker,4,501
Steve Balboni,4,502
Rod Barajas,4,503
Kevin Bass,4,504
Les Bell,4,505
Ronnie Belliard,4,506
Kurt Bevacqua,4,507
Craig Biggio,4,508
Charlie Blackmon,4,509
Jeff Blauser,4,510
Wade Boggs,4,511
Justin Bour,4,512
Russell Branyan,4,513
Greg Brock,4,514
Asdrubal Cabrera,4,515
Melky Cabrera,4,516
Chico Carrasquel,4,517
Vinny Castilla,4,518
Phil Cavarretta,4,519
Francisco Cervelli,4,520
Shin-Soo Choo,4,521
Ty Cobb,4,522
Willson Contreras,4,523
Wil Cordero,4,524
Del Crandall,4,525
Carl Crawford,4,526
Joe Cronin,4,527
Lave Cross,4,528
Terry Crowley,4,529
Jose Cruz,4,530
Mike Cubbage,4,531
Alvin Dark,4,532
Bobby Darwin,4,533
Willie Davis,4,534
Don Demeter,4,535
Ian Desmond,4,536
Aledmys Díaz,4,537
Ryan Doumit,4,538
Ray Durham,4,539
David Eckstein,4,540
Bob Elliott,4,541
Andre Ethier,4,542
Dexter Fowler,4,543
Maikel Franco,4,544
Gene Freese,4,545
Adolis García,4,546
Brett Gardner,4,547
Kirk Gibson,4,548
Troy Glaus,4,549
George Grantham,4,550
Dick Green,4,551
Ken Griffey,4,552
Marquis Grissom,4,553
Chick Hafey,4,554
J.J. Hardy,4,555
George Harper,4,556
Scott Hatteberg,4,557
Grady Hatton,4,558
Chase Headley,4,559
Jeff Heath,4,560
Richie Hebner,4,561
Jim Hegan,4,562
George Hendrick,4,563
Harvey Hendrick,4,564
Tommy Henrich,4,565
Jason Heyward,4,566
Pinky Higgins,4,567
Bobby Higginson,4,568
Aubrey Huff,4,569
Randy Hundley,4,570
Chris Iannetta,4,571
Jonathan India,4,572
Monte Irvin,4,573
Mike Ivie,4,574
Darrin Jackson,4,575
Joe Jackson,4,576
Travis Jackson,4,577
Geoff Jenkins,4,578
Deron Johnson,4,579
Mike Jorgensen,4,580
Al Kaline,4,581
Steve Kemp,4,582
Ray Knight,4,583
Chuck Knoblauch,4,584
John Kruk,4,585
Nap Lajoie,4,586
Jason LaRue,4,587
Matt Lawton,4,588
Tommy Leach,4,589
Don Lenhardt,4,590
Mike Lieberthal,4,591
Adam Lind,4,592
Evan Longoria,4,593
Brandon Lowe,4,594
John Lowenstein,4,595
Jonathan Lucroy,4,596
Mike Macfarlane,4,597
Garry Maddox,4,598
Nick Markakis,4,599
Ketel Marte,4,600
Russell Martin,4,601
Justin Maxwell,4,602
Frank McCormick,4,603
Marty McManus,4,604
Bill Melton,4,605
Devin Mesoraco,4,606
Jason Michaels,4,607
Kevin Millar,4,608
Eddie Miller,4,609
Rick Monday,4,610
Kendrys Morales,4,611
Joe Morgan,4,612
Mike Morse,4,613
Lloyd Moseby,4,614
Brandon Moss,4,615
Bill Mueller,4,616
Cedric Mullins,4,617
Wil Myers,4,618
Graig Nettles,4,619
Ben Oglivie,4,620
Jay Payton,4,621
Steve Pearce,4,622
Dustin Pedroia,4,623
Jhonny Peralta,4,624
Chad Pinder,4,625
Stephen Piscotty,4,626
Wally Post,4,627
Vic Power,4,628
Jurickson Profar,4,629
Carlos Quentin,4,630
Ryan Raburn,4,631
Doug Rader,4,632
Cal Raleigh,4,633
Wilson Ramos,4,634
J.T. Realmuto,4,635
Gary Redus,4,636
Rick Reichardt,4,637
Jake Rogers,4,638
Scott Rolen,4,639
Jimmy Rollins,4,640
Rich Rollins,4,641
Jimmy Ryan,4,642
Jarrod Saltalamacchia,4,643
Anthony Santander,4,644
Hank Sauer,4,645
Frank Schulte,4,646
Kevin Seitzer,4,647
George Selkirk,4,648
George Sisler,4,649
Bob Skinner,4,650
Al Smith,4,651
Elmer Smith,4,652
Cory Snyder,4,653
Tris Speaker,4,654
Chris Speier,4,655
Jim Spencer,4,656
Shane Spencer,4,657
Ed Sprague,4,658
Ian Stewart,4,659
Trevor Story,4,660
Jim Sundberg,4,661
Ichiro Suzuki,4,662
Raimel Tapia,4,663
Frank Thomas,4,664
Lee Thomas,4,665
Hank Thompson,4,666
Jason Thompson,4,667
Jack Tobin,4,668
Yorvit Torrealba,4,669
Hal Trosky,4,670
Troy Tulowitzki,4,671
Justin Turner,4,672
Daulton Varsho,4,673
Arky Vaughan,4,674
Omar Vizquel,4,675
Daniel Vogelbach,4,676
Joey Votto,4,677
Leon Wagner,4,678
Dixie Walker,4,679
Pete Ward,4,680
Preston Ward,4,681
Lou Whitaker,4,682
Rondell White,4,683
Mark Whiten,4,684
Fred Whitfield,4,685
Preston Wilson,4,686
Bobby Witt Jr.,4,687
David Wright,4,688
Russ Wrightstone,4,689
Jimmy Wynn,4,690
Steve Yeager,4,691
Eddie Yost,4,692
Babe Young,4,693
Chris Young,4,694
Michael Young,4,695
Don Zimmer,4,696
Kurt Abbott,3,697
Ronald Acuña Jr.,3,698
Jo Adell,3,699
Willie Aikens,3,700
Moises Alou,3,701
Aaron Altherr,3,702
Pedro Alvarez,3,703
Brady Anderson,3,704
Mike Andrews,3,705
Shane Andrews,3,706
J.P. Arencibia,3,707
Alan Ashby,3,708
Rich Aurilia,3,709
Brad Ausmus,3,710
Bobby Avila,3,711
Gene Baker,3,712
Jesse Barfield,3,713
Michael Barrett,3,714
John Bateman,3,715
Brandon Belt,3,716
Andrew Benintendi,3,717
Sean Berry,3,718
Del Bissonette,3,719
Paul Blair,3,720
Johnny Blanchard,3,721
Henry Blanco,3,722
Curt Blefary,3,723
Ping Bodie,3,724
Barry Bonnell,3,725
Daryl Boston,3,726
Milton Bradley,3,727
Michael Brantley,3,728
Sid Bream,3,729
Johnny Briggs,3,730
Rico Brogna,3,731
Scott Brosius,3,732
Damon Buford,3,733
Don Buford,3,734
Eddie Burke,3,735
Jim Busby,3,736
Lorenzo Cain,3,737
Mark Canha,3,738
Bernie Carbo,3,739
Corbin Carroll,3,740
Chris Carter,3,741
Rico Carty,3,742
Raul Casanova,3,743
Welington Castillo,3,744
Jason Castro,3,745
Bob Cerv,3,746
Matt Chapman,3,747
Cupid Childs,3,748
Tony Clark,3,749
Lou Clinton,3,750
Darnell Coles,3,751
Carlos Correa,3,752
Craig Counsell,3,753
Billy Cox,3,754
Coco Crisp,3,755
Jake Cronenworth,3,756
Frankie Crosetti,3,757
Roy Cullenbine,3,758
Travis d'Arnaud,3,759
Dom Dallessandro,3,760
Jim Davenport,3,761
Ben Davis,3,762
George Davis,3,763
Ike Davis,3,764
J.D. Davis,3,765
Rajai Davis,3,766
Paul DeJong,3,767
David Dellucci,3,768
Russ Derry,3,769
Mike Devereaux,3,770
Bo Diaz,3,771
Elias Díaz,3,772
Alex Dickerson,3,773
Dick Dietz,3,774
Bill Doran,3,775
Stephen Drew,3,776
Mariano Duncan,3,777
Erubiel Durazo,3,778
Leon Durham,3,779
Leo Durocher,3,780
Jim Dwyer,3,781
Luke Easter,3,782
Johnny Edwards,3,783
Jim Eisenreich,3,784
Mark Ellis,3,785
Kevin Elster,3,786
Juan Encarnacion,3,787
Morgan Ensberg,3,788
Mike Epstein,3,789
Danny Espinosa,3,790
Ferris Fain,3,791
Bibb Falk,3,792
Duke Farrell,3,793
Happy Felsch,3,794
Frank Fernandez,3,795
Tony Fernandez,3,796
Robert Fick,3,797
Mike Fitzgerald,3,798
John Flaherty,3,799
Barry Foote,3,800
David Freese,3,801
Freddy Galvis,3,802
John Ganzel,3,803
Karim Garcia,3,804
Phil Garner,3,805
Rich Gedman,3,806
Charlie Gehringer,3,807
Carlos Gómez,3,808
Luis Gonzalez,3,809
Marwin Gonzalez,3,810
Alex Gordon,3,811
Goose Goslin,3,812
Hank Gowdy,3,813
Mark Grace,3,814
Yasmani Grandal,3,815
Willie Greene,3,816
Mike Greenwell,3,817
Charlie Grimm,3,818
Wayne Gross,3,819
Johnny Groth,3,820
Pedro Guerrero,3,821
Carlos Guillen,3,822
Tony Gwynn,3,823
Jedd Gyorko,3,824
Jerry Hairston,3,825
Scott Hairston,3,826
Darryl Hamilton,3,827
Josh Hamilton,3,828
Granny Hamner,3,829
Mitch Haniger,3,830
Lenny Harris,3,831
Jim Ray Hart,3,832
Brad Hawpe,3,833
Charlie Hayes,3,834
Harry Heilmann,3,835
Jonah Heim,3,836
Wes Helms,3,837
Ken Henderson,3,838
Rickey Henderson,3,839
Babe Herman,3,840
Ed Herrmann,3,841
Larry Hisle,3,842
Bug Holliday,3,843
Dave Hollins,3,844
Sam Horn,3,845
Eric Hosmer,3,846
Brian Hunter,3,847
Adam Hyzdu,3,848
Chris James,3,849
Billy Johnson,3,850
Brian Johnson,3,851
Charles Johnson,3,852
Dan Johnson,3,853
Jay Johnstone,3,854
Mack Jones,3,855
Joe Judge,3,856
Eddie Kasko,3,857
George Kell,3,858
Joe Kelley,3,859
Bob Kennedy,3,860
Max Kepler,3,861
Kevin Kiermaier,3,862
Hal King,3,863
Jason Kipnis,3,864
Ted Kluszewski,3,865
Mark Kotsay,3,866
Kevin Kouzmanoff,3,867
Mike Lamb,3,868
Carney Lansford,3,869
Frank LaPorte,3,870
Adam LaRoche,3,871
Cookie Lavagetto,3,872
Brett Lawrie,3,873
Travis Lee,3,874
DJ LeMahieu,3,875
Ted Lepcio,3,876
Sixto Lezcano,3,877
Danny Litwhiler,3,878
Don Lock,3,879
Johnny Logan,3,880
Davey Lopes,3,881
Bobby Lowe,3,882
Jed Lowrie,3,883
Fred Luderus,3,884
Julio Lugo,3,885
Gavin Lux,3,886
Bill Madlock,3,887
Candy Maldonado,3,888
Martín Maldonado,3,889
Frank Malzone,3,890
Rick Manning,3,891
Eli Marrero,3,892
Jerry Martin,3,893
Pepper Martin,3,894
Carmelo Martinez,3,895
Mike Matheny,3,896
Nelson Mathews,3,897
Jeff Mathis,3,898
Gary Matthews,3,899
Carlos May,3,900
Dave May,3,901
Milt May,3,902
Bill Mazeroski,3,903
Tommy McCraw,3,904
Andrew McCutchen,3,905
Herm McFarland,3,906
Casey McGehee,3,907
Stuffy McInnis,3,908
Ken McMullen,3,909
Bid McPhee,3,910
Hal McRae,3,911
Joe Medwick,3,912
Kevin Mench,3,913
Denis Menke,3,914
Orlando Merced,3,915
Bob Meusel,3,916
Will Middlebrooks,3,917
Matt Mieske,3,918
Rick Miller,3,919
Doug Mirabelli,3,920
Paul Molitor,3,921
Don Money,3,922
Craig Monroe,3,923
Miguel Montero,3,924
Gene Moore,3,925
Keith Moreland,3,926
Mitch Moreland,3,927
Don Mueller,3,928
Danny Murphy,3,929
Dwayne Murphy,3,930
Derek Norris,3,931
Pete O'Brien,3,932
Bob O'Farrell,3,933
Troy O'Leary,3,934
Shohei Ohtani,3,935
Tony Oliva,3,936
Gerardo Parra,3,937
Joc Pederson,3,938
Tony Pena,3,939
Wily Mo Pena,3,940
David Peralta,3,941
Dave Philley,3,942
Brett Phillips,3,943
Kevin Pillar,3,944
Placido Polanco,3,945
Jim Presley,3,946
Terry Puhl,3,947
Rich Reese,3,948
Anthony Rendon,3,949
Merv Rettenmund,3,950
Bryan Reynolds,3,951
Craig Reynolds,3,952
Del Rice,3,953
Ernest Riles,3,954
Alex Rios,3,955
Juan Rivera,3,956
Leon Roberts,3,957
Cookie Rojas,3,958
Jim Russell,3,959
Connie Ryan,3,960
Chris Sabo,3,961
Wally Schang,3,962
George Scott,3,963
Luke Scott,3,964
Marco Scutaro,3,965
Corey Seager,3,966
Pat Seerey,3,967
Travis Shaw,3,968
Jimmy Sheckard,3,969
Pat Sheridan,3,970
Grady Sizemore,3,971
Enos Slaughter,3,972
Lonnie Smith,3,973
Pavin Smith,3,974
Reggie Smith,3,975
Justin Smoak,3,976
Eric Soderholm,3,977
Daryl Spencer,3,978
Bill Spiers,3,979
Leroy Stanton,3,980
Harry Stovey,3,981
Franklin Stubbs,3,982
Champ Summers,3,983
Dansby Swanson,3,984
Mike Sweeney,3,985
Fernando Tatis Jr.,3,986
Danny Taylor,3,987
Tyrone Taylor,3,988
Birdie Tebbetts,3,989
Garry Templeton,3,990
Bill Terry,3,991
Tim Teufel,3,992
Sam Thompson,3,993
Faye Throneberry,3,994
Marv Throneberry,3,995
Bob Tillman,3,996
Joe Torre,3,997
Chad Tracy,3,998
Devon Travis,3,1000
Pie Traynor,3,1001
Tom Tresh,3,1002
Brice Turang,3,1003
Dan Uggla,3,1004
Danny Valencia,3,1005
John Valentin,3,1006
George Van Haltren,3,1007
Jason Varitek,3,1008
Johnny Vergez,3,1009
Jose Vidro,3,1010
Fernando Vina,3,1011
Clyde Vollmer,3,1012
Gee Walker,3,1013
Neil Walker,3,1014
Paul Waner,3,1015
Daryle Ward,3,1016
Gary Ward,3,1017
Mitch Webster,3,1018
Joey Wendle,3,1019
Roy White,3,1020
Ernie Whitt,3,1021
Matt Wieters,3,1022
Gerald Williams,3,1023
Enrique Wilson,3,1024
Patrick Wisdom,3,1025
Gene Woodling,3,1026
Taffy Wright,3,1027
Kevin Young,3,1028
Robin Yount,3,1029
Chief Zimmer,3,1030
Richie Zisk,3,1031
