Name,OBP,Raw,Rank
Ted Williams,0.482,0.4817,1
Babe Ruth,0.474,0.4739,2
John McGraw,0.465,0.4655,3
Billy Hamilton,0.455,0.4552,4
Lou Gehrig,0.447,0.4474,5
Barry Bonds,0.444,0.4443,6
Rogers Hornsby,0.434,0.4337,7
Ty Cobb,0.433,0.433,8
Jimmie Foxx,0.428,0.4283,9
Tris Speaker,0.428,0.4279,10
Eddie Collins,0.424,0.4243,11
Ferris Fain,0.424,0.4241,12
Joe Jackson,0.423,0.4227,13
Max Bishop,0.423,0.4227,14
Mickey Mantle,0.421,0.4205,15
Mickey Cochrane,0.419,0.4192,16
Frank Thomas,0.419,0.4191,17
Juan Soto,0.419,0.4186,18
Dan Brouthers,0.418,0.4179,19
Edgar Martinez,0.418,0.4178,20
Stan Musial,0.417,0.4167,21
Cupid Childs,0.416,0.4158,22
Jesse Burkett,0.415,0.4151,23
Wade Boggs,0.415,0.415,24
Todd Helton,0.414,0.4143,25
Mel Ott,0.414,0.414,26
Roy Thomas,0.413,0.4135,27
Hank Greenberg,0.412,0.4118,28
Ed Delahanty,0.411,0.4114,29
Manny Ramirez,0.411,0.4106,30
Aaron Judge,0.41,0.4105,31
Charlie Keller,0.41,0.4099,32
Eddie Stanky,0.41,0.4098,33
Harry Heilmann,0.41,0.4095,34
Joey Votto,0.409,0.4094,35
Jackie Robinson,0.409,0.4089,36
Roy Cullenbine,0.408,0.4082,37
Mike Trout,0.408,0.4078,38
Jeff Bagwell,0.408,0.4076,39
Denny Lyons,0.407,0.4074,40
Riggs Stephenson,0.407,0.4065,41
Lance Berkman,0.406,0.406,42
Arky Vaughan,0.406,0.4058,43
Paul Waner,0.404,0.4043,44
Charlie Gehringer,0.404,0.4036,45
Joe Cunningham,0.403,0.4035,46
Pete Browning,0.403,0.4028,47
Lu Blue,0.402,0.4022,48
Jim Thome,0.402,0.4019,49
Joe Kelley,0.402,0.4017,50
Rickey Henderson,0.401,0.4012,51
Chipper Jones,0.401,0.4012,52
Larry Walker,0.4,0.4002,53
Brian Giles,0.4,0.3998,54
Luke Appling,0.399,0.3994,55
Jason Giambi,0.399,0.3993,56
Ross Youngs,0.399,0.3985,57
Joe DiMaggio,0.398,0.3983,58
Elmer Valo,0.398,0.3983,59
John Olerud,0.398,0.398,60
Ralph Kiner,0.398,0.398,61
Elmer Smith,0.398,0.3976,62
Johnny Mize,0.397,0.3971,63
Earle Combs,0.397,0.3969,64
John Kruk,0.397,0.3966,65
Richie Ashburn,0.396,0.3964,66
Cap Anson,0.396,0.3961,67
Mike Hargrove,0.396,0.3958,68
Hack Wilson,0.395,0.3951,69
Bobby Abreu,0.395,0.395,70
Earl Averill,0.395,0.3947,71
Johnny Pesky,0.394,0.3943,72
Mark McGwire,0.394,0.3941,73
Eddie Yost,0.394,0.394,74
Frank Chance,0.394,0.3937,75
Stan Hack,0.394,0.3936,76
Ken Williams,0.393,0.3933,77
Wally Schang,0.393,0.3931,78
Gary Sheffield,0.393,0.393,79
Rod Carew,0.393,0.393,80
Bob Johnson,0.393,0.3928,81
Bill Terry,0.393,0.3927,82
George Grantham,0.392,0.3924,83
Honus Wagner,0.392,0.3922,84
Tip O'Neill,0.392,0.3922,85
Joe Morgan,0.392,0.3921,86
Jack Fournier,0.392,0.3921,87
Roger Connor,0.392,0.3918,88
Joe Sewell,0.391,0.3909,89
Augie Galan,0.39,0.3904,90
Hughie Jennings,0.39,0.3902,91
Dave Magadan,0.39,0.3902,92
Harlond Clift,0.39,0.3901,93
Joe Cronin,0.39,0.3895,94
Buddy Myer,0.389,0.3894,95
Elmer Flick,0.389,0.389,96
Frank Robinson,0.389,0.389,97
Mike Tiernan,0.389,0.3888,98
Minnie Minoso,0.389,0.3885,99
Dolph Camilli,0.388,0.3883,100
Bryce Harper,0.388,0.3883,101
Tony Gwynn,0.388,0.3882,102
Joe Mauer,0.388,0.3881,103
Mike Griffin,0.388,0.3881,104
Ken Singleton,0.388,0.388,105
Gene Tenace,0.388,0.3879,106
Willie Keeler,0.388,0.3878,107
Freddie Freeman,0.388,0.3875,108
Goose Goslin,0.387,0.3871,109
Bernie Carbo,0.387,0.3868,110
Rusty Greer,0.387,0.3867,111
Barney McCosky,0.386,0.3864,112
Kiki Cuyler,0.386,0.3863,113
Roger Bresnahan,0.386,0.3862,114
George Van Haltren,0.386,0.3859,115
Gene Woodling,0.386,0.3859,116
Larry Doby,0.386,0.3859,117
Dummy Hoy,0.386,0.3858,118
Mike Donlin,0.386,0.3856,119
Fred Clarke,0.386,0.3855,120
Earl Torgeson,0.385,0.3855,121
Tim Raines,0.385,0.3854,122
Tim Salmon,0.385,0.3851,123
Hugh Duffy,0.384,0.3845,124
Keith Hernandez,0.384,0.3844,125
Al Rosen,0.384,0.3842,126
Elbie Fletcher,0.384,0.3839,127
Willie Mays,0.384,0.3839,128
J.D. Drew,0.384,0.3838,129
Will Clark,0.384,0.3836,130
Topsy Hartsel,0.384,0.3835,131
Carlos Delgado,0.383,0.3834,132
Dom DiMaggio,0.383,0.3833,133
Mark Grace,0.383,0.3833,134
Ben Chapman,0.383,0.3831,135
Babe Herman,0.383,0.3829,136
Earl Sheely,0.383,0.3829,137
Mo Vaughn,0.383,0.3827,138
Dixie Walker,0.383,0.3825,139
Kevin Youkilis,0.382,0.3824,140
George Gore,0.382,0.3822,141
Miguel Cabrera,0.382,0.3822,142
Bill Dickey,0.382,0.3821,143
Miller Huggins,0.382,0.382,144
Tommy Henrich,0.382,0.3819,145
Prince Fielder,0.382,0.3817,146
Enos Slaughter,0.382,0.3815,147
Nap Lajoie,0.381,0.3811,148
Bernie Williams,0.381,0.3809,149
Paul Goldschmidt,0.381,0.3805,150
Merv Rettenmund,0.381,0.3805,151
Sam Thompson,0.381,0.3805,152
George Harper,0.38,0.3804,153
Lou Boudreau,0.38,0.3804,154
Mike Schmidt,0.38,0.3803,155
Al Simmons,0.38,0.3798,156
Tony Lazzeri,0.38,0.3798,157
Alvin Davis,0.38,0.3798,158
Duke Snider,0.38,0.3797,159
Alex Rodriguez,0.38,0.3797,160
Henry Larkin,0.38,0.3797,161
David Ortiz,0.38,0.3795,162
Gavvy Cravath,0.38,0.3795,163
Carl Yastrzemski,0.379,0.3795,164
George Sisler,0.379,0.3792,165
Chuck Klein,0.379,0.3788,166
Jack Clark,0.379,0.3788,167
Matt Holliday,0.379,0.3787,168
Vladimir Guerrero,0.379,0.3786,169
Dick Allen,0.378,0.3781,170
Joe Judge,0.378,0.3778,171
Rick Ferrell,0.378,0.3778,172
Chuck Knoblauch,0.378,0.3777,173
Charlie Jamieson,0.378,0.3776,174
David Justice,0.378,0.3776,175
Derek Jeter,0.377,0.3772,176
Fred McGriff,0.377,0.3769,177
Brett Butler,0.377,0.3769,178
Heinie Manush,0.377,0.3767,179
Sid Gordon,0.377,0.3766,180
Shin-Soo Choo,0.377,0.3765,181
Mike Piazza,0.377,0.3765,182
Kip Selbach,0.376,0.3763,183
Taffy Wright,0.376,0.3761,184
David Wright,0.376,0.3761,185
Eddie Mathews,0.376,0.3761,186
Travis Hafner,0.376,0.376,187
Jim Edmonds,0.376,0.3759,188
Billy Goodman,0.376,0.3758,189
Harmon Killebrew,0.376,0.3756,190
Al Kaline,0.376,0.3756,191
John Stone,0.376,0.3755,192
Jimmy Ryan,0.375,0.3755,193
Kevin Seitzer,0.375,0.3754,194
Christian Yelich,0.375,0.3753,195
Pete Rose,0.375,0.3751,196
Jimmy Sheckard,0.375,0.3749,197
Bob Elliott,0.375,0.3747,198
Lenny Dykstra,0.375,0.3745,199
Pete Runnels,0.375,0.3745,200
Willie McCovey,0.374,0.3744,201
Tony Phillips,0.374,0.3743,202
Albert Pujols,0.374,0.3742,203
Norm Cash,0.374,0.3741,204
Jorge Posada,0.374,0.374,205
Hank Aaron,0.374,0.3739,206
Sam Rice,0.374,0.3739,207
Curt Walker,0.374,0.3738,208
Rube Bressler,0.373,0.373,209
Bob Nieman,0.373,0.3729,210
Willie Randolph,0.373,0.3729,211
John Titus,0.373,0.3728,212
Bill Mueller,0.373,0.3727,213
Heinie Groh,0.373,0.3725,214
Phil Cavarretta,0.372,0.3723,215
Chick Hafey,0.372,0.3719,216
Bibb Falk,0.372,0.3717,217
Greg Gross,0.372,0.3717,218
Willie Kamm,0.372,0.3717,219
Kenny Lofton,0.372,0.3716,220
Buster Posey,0.372,0.3716,221
Wally Moon,0.371,0.3715,222
Lonnie Smith,0.371,0.3714,223
Mookie Betts,0.371,0.3714,224
Fred Tenney,0.371,0.3713,225
Roberto Alomar,0.371,0.3712,226
Steve Braun,0.371,0.3711,227
Hal Trosky,0.371,0.3707,228
Sam West,0.371,0.3707,229
Rafael Palmeiro,0.371,0.3707,230
Barry Larkin,0.371,0.3705,231
Bobby Grich,0.371,0.3705,232
John Cangelosi,0.37,0.3704,233
Brian Downing,0.37,0.3703,234
Ryan Klesko,0.37,0.3701,235
Jeff Heath,0.37,0.37,236
Pinky Higgins,0.37,0.37,237
Pedro Guerrero,0.37,0.37,238
Dwight Evans,0.37,0.3699,239
Bobby Veach,0.37,0.3696,240
Ira Flagstead,0.37,0.3696,241
Gabby Hartnett,0.37,0.3696,242
Cecil Travis,0.37,0.3695,243
Mike Stanley,0.37,0.3695,244
Ken Griffey Jr.,0.37,0.3695,245
Albert Belle,0.369,0.3695,246
Stan Spence,0.369,0.3694,247
Moises Alou,0.369,0.3693,248
George Brett,0.369,0.3693,249
Jim Bottomley,0.369,0.3693,250
Rico Carty,0.369,0.3693,251
Lyn Lary,0.369,0.3692,252
Phil Bradley,0.369,0.3691,253
Joe Vosmik,0.369,0.3691,254
Paul Molitor,0.369,0.3691,255
Chick Stahl,0.369,0.369,256
Roy Johnson,0.369,0.3689,257
Jackie Jensen,0.369,0.3689,258
Spud Davis,0.369,0.3689,259
Mickey Tettleton,0.369,0.3688,260
Norm Siebern,0.369,0.3688,261
Edd Roush,0.369,0.3687,262
Frankie Frisch,0.369,0.3687,263
Magglio Ordonez,0.369,0.3685,264
Bob Fothergill,0.368,0.3684,265
Oyster Burns,0.368,0.3683,266
Danny Tartabull,0.368,0.3683,267
Buddy Lewis,0.368,0.3683,268
Gus Suhr,0.368,0.3682,269
Fielder Jones,0.368,0.3682,270
Kris Bryant,0.368,0.3679,271
Johnny Hopp,0.368,0.3679,272
Harry Hooper,0.368,0.3679,273
Harry Rice,0.368,0.3679,274
Dale Mitchell,0.368,0.3679,275
Matt Lawton,0.368,0.3678,276
Mike Greenwell,0.368,0.3678,277
Ron Hunt,0.368,0.3678,278
Luis Castillo,0.368,0.3676,279
George Kell,0.367,0.3674,280
Zack Wheat,0.367,0.3672,281
Johnny Bates,0.367,0.3671,282
Billy Herman,0.367,0.3669,283
Kent Hrbek,0.367,0.3669,284
Sean Casey,0.367,0.3668,285
Bruce Campbell,0.367,0.3667,286
Luis Gonzalez,0.367,0.3666,287
Steve Kemp,0.367,0.3665,288
Andrew McCutchen,0.366,0.3665,289
Alex Bregman,0.366,0.3664,290
Johnny Grubb,0.366,0.3663,291
Jeff Cirillo,0.366,0.3661,292
Reggie Smith,0.366,0.366,293
Tommy Holmes,0.366,0.3659,294
Woody English,0.366,0.3659,295
Jason Kendall,0.366,0.3658,296
Jason Thompson,0.366,0.3658,297
Pee Wee Reese,0.366,0.3657,298
Matt Carpenter,0.366,0.3656,299
Mike Sweeney,0.366,0.3656,300
George Burns,0.366,0.3655,301
Jimmy Wynn,0.366,0.3655,302
Bill Madlock,0.365,0.3655,303
Dustin Pedroia,0.365,0.3654,304
Bill North,0.365,0.3653,305
Bill Nicholson,0.365,0.3651,306
Jimmy Dykes,0.365,0.3651,307
Burt Shotton,0.365,0.365,308
Cy Williams,0.365,0.3649,309
Joe Torre,0.365,0.3648,310
Toby Harrah,0.365,0.3648,311
Derrek Lee,0.365,0.3647,312
Floyd Robinson,0.365,0.3646,313
Julio Franco,0.365,0.3646,314
Muddy Ruel,0.365,0.3645,315
Ed McKean,0.364,0.3645,316
Anthony Rendon,0.364,0.3645,317
Scott Rolen,0.364,0.3645,318
Steve Brodie,0.364,0.3644,319
Adam Dunn,0.364,0.3644,320
Taylor Douthit,0.364,0.3643,321
Tommy McCarthy,0.364,0.3643,322
Tommy Tucker,0.364,0.3642,323
Billy Werber,0.364,0.3641,324
Milton Bradley,0.364,0.3641,325
Dan McGann,0.364,0.3641,326
Jack Tobin,0.364,0.364,327
Vic Wertz,0.364,0.364,328
Ray Lankford,0.364,0.3639,329
Gary Matthews,0.364,0.3638,330
Art Devlin,0.364,0.3638,331
Sherry Magee,0.364,0.3637,332
Trot Nixon,0.364,0.3637,333
Bob Watson,0.364,0.3635,334
Wally Moses,0.364,0.3635,335
Ellis Burks,0.363,0.3633,336
Craig Biggio,0.363,0.3632,337
Lou Whitaker,0.363,0.363,338
Home Run Baker,0.363,0.3628,339
Paul O'Neill,0.363,0.3628,340
Johnny Temple,0.363,0.3628,341
Greg Luzinski,0.363,0.3626,342
Rusty Staub,0.362,0.3625,343
Ron Santo,0.362,0.3624,344
Wally Joyner,0.362,0.3623,345
King Kelly,0.362,0.3623,346
Whitey Witt,0.362,0.3623,347
Joe Medwick,0.362,0.3623,348
Rudy York,0.362,0.3622,349
Brady Anderson,0.362,0.3621,350
Robin Ventura,0.362,0.3621,351
Pie Traynor,0.362,0.3621,352
Ginger Beaumont,0.362,0.3621,353
Snuffy Stirnweiss,0.362,0.362,354
Fred Schulte,0.362,0.3619,355
Rip Radcliff,0.362,0.3618,356
Bobby Doerr,0.362,0.3617,357
Sam Crawford,0.362,0.3616,358
Smoky Burgess,0.362,0.3616,359
Don Buford,0.362,0.3615,360
Nomar Garciaparra,0.361,0.3615,361
Justin Turner,0.361,0.3615,362
Scott Hatteberg,0.361,0.3614,363
Billy Williams,0.361,0.3614,364
Eddie Joost,0.361,0.3614,365
Jose Altuve,0.361,0.3614,366
Pat Burrell,0.361,0.3614,367
George Davis,0.361,0.3613,368
Jake Beckley,0.361,0.3612,369
Jose Bautista,0.361,0.3611,370
Hal Morris,0.361,0.361,371
Darrell Evans,0.361,0.3609,372
Max Carey,0.361,0.3609,373
Anthony Rizzo,0.361,0.3608,374
Ray Boone,0.361,0.3608,375
Harry Stovey,0.361,0.3608,376
Rick Monday,0.361,0.3607,377
Troy Tulowitzki,0.361,0.3606,378
Boog Powell,0.361,0.3605,379
Jason Bay,0.361,0.3605,380
Fred Lynn,0.36,0.3605,381
Hanley Ramirez,0.36,0.3605,382
Jayson Werth,0.36,0.3604,383
Shannon Stewart,0.36,0.3604,384
Bruce Bochte,0.36,0.3603,385
Billy Nash,0.36,0.3603,386
Ripper Collins,0.36,0.3603,387
Charlie Maxwell,0.36,0.3603,388
Ron Fairly,0.36,0.3603,389
Kevin Mitchell,0.36,0.3602,390
Roy Campanella,0.36,0.3602,391
Dave Hansen,0.36,0.3602,392
Jim Russell,0.36,0.3602,393
Hideki Matsui,0.36,0.3602,394
Bob O'Farrell,0.36,0.3602,395
Darryl Hamilton,0.36,0.3601,396
Willie Stargell,0.36,0.3601,397
Doug Mientkiewicz,0.36,0.3601,398
Mark Teixeira,0.36,0.3601,399
Roy White,0.36,0.3601,400
Cookie Lavagetto,0.36,0.36,401
Kirby Puckett,0.36,0.3599,402
Red Rolfe,0.36,0.3599,403
Andre Thornton,0.36,0.3598,404
Chili Davis,0.36,0.3598,405
Mark Loretta,0.36,0.3597,406
Jim Gilliam,0.36,0.3597,407
John Mayberry,0.36,0.3597,408
Jose Offerman,0.36,0.3597,409
Jake Daubert,0.36,0.3596,410
Sixto Lezcano,0.36,0.3596,411
John Valentin,0.36,0.3596,412
Victor Martinez,0.36,0.3595,413
Jose Vidro,0.359,0.3595,414
Eddie Murray,0.359,0.3594,415
Roberto Clemente,0.359,0.3593,416
Rocky Colavito,0.359,0.3593,417
Lonny Frey,0.359,0.3592,418
Bobby Avila,0.359,0.3592,419
Tom Daly,0.359,0.3592,420
David Segui,0.359,0.3591,421
Bing Miller,0.359,0.3591,422
Lee Mazzilli,0.359,0.359,423
Gil Hodges,0.359,0.359,424
Wally Berger,0.359,0.3589,425
Joe Kuhel,0.359,0.3589,426
Eric Young,0.359,0.3588,427
Corey Seager,0.359,0.3588,428
Ken Griffey,0.359,0.3587,429
Mickey Vernon,0.359,0.3587,430
Amos Strunk,0.359,0.3587,431
Andre Ethier,0.359,0.3586,432
Mule Haas,0.359,0.3586,433
Jay Buhner,0.359,0.3586,434
Eric Davis,0.359,0.3586,435
Billy Southworth,0.359,0.3585,436
Josh Willingham,0.358,0.3583,437
Don Mattingly,0.358,0.3583,438
Cliff Floyd,0.358,0.3583,439
Ryan Braun,0.358,0.3583,440
Ernie Lombardi,0.358,0.3582,441
Ray Chapman,0.358,0.3581,442
Chase Utley,0.358,0.358,443
Elliott Maddox,0.358,0.358,444
Bobby Higginson,0.358,0.358,445
Troy Glaus,0.358,0.358,446
Kevin Millar,0.358,0.3579,447
Dexter Fowler,0.358,0.3579,448
Adrian Gonzalez,0.358,0.3579,449
Bob Allison,0.358,0.3579,450
Josh Donaldson,0.358,0.3577,451
Bill Dahlen,0.358,0.3577,452
Al Smith,0.358,0.3577,453
Joe Ferguson,0.358,0.3576,454
Pepper Martin,0.358,0.3576,455
Bobby Bonilla,0.358,0.3576,456
Bip Roberts,0.358,0.3575,457
Nick Markakis,0.357,0.3574,458
J.T. Snow,0.357,0.3573,459
Bobby Murcer,0.357,0.3573,460
Marty McManus,0.357,0.3572,461
Baby Doll Jacobson,0.357,0.3572,462
Brandon Belt,0.357,0.3572,463
Jim Delahanty,0.357,0.3572,464
Carlos May,0.357,0.3571,465
Frank Demaree,0.357,0.3571,466
Darren Daulton,0.357,0.3571,467
Edgardo Alfonzo,0.357,0.3569,468
Larry Doyle,0.357,0.3569,469
George McQuinn,0.357,0.3569,470
Al Zarilla,0.357,0.3568,471
Joe Gordon,0.357,0.3568,472
Nemo Leibold,0.357,0.3568,473
Frank Catalanotto,0.357,0.3567,474
Ben Zobrist,0.357,0.3567,475
Sherm Lollar,0.357,0.3567,476
Harvey Kuenn,0.357,0.3566,477
Gene Richards,0.357,0.3565,478
Darryl Strawberry,0.357,0.3565,479
Oscar Gamble,0.356,0.3564,480
Donie Bush,0.356,0.3562,481
Johnny Evers,0.356,0.3561,482
Gil McDougald,0.356,0.356,483
Bernie Friberg,0.356,0.3559,484
Bob Meusel,0.356,0.3558,485
Davy Jones,0.356,0.3558,486
Casey Stengel,0.356,0.3558,487
Dwayne Murphy,0.356,0.3558,488
Dan Driessen,0.356,0.3558,489
Harold Baines,0.356,0.3557,490
Reggie Jackson,0.356,0.3556,491
Matt Stairs,0.356,0.3556,492
Leon Durham,0.356,0.3556,493
Jeff Kent,0.356,0.3555,494
Debs Garms,0.355,0.3555,495
Dave Bancroft,0.355,0.3553,496
Cliff Johnson,0.355,0.3553,497
Dick Bartell,0.355,0.3552,498
Shawn Green,0.355,0.3552,499
Jeff Burroughs,0.355,0.3552,500
Michael Brantley,0.355,0.355,501
Vern Stephens,0.355,0.355,502
Orlando Merced,0.355,0.355,503
Johnny Briggs,0.355,0.3549,504
Carlos Guillen,0.355,0.3549,505
Larry Gardner,0.355,0.3549,506
Carl Furillo,0.355,0.3549,507
Ichiro Suzuki,0.355,0.3548,508
Manny Mota,0.355,0.3548,509
Chet Lemon,0.355,0.3548,510
Ed Bailey,0.355,0.3546,511
Kid Elberfeld,0.355,0.3546,512
Bid McPhee,0.355,0.3545,513
Jose Cruz,0.354,0.3544,514
Grady Hatton,0.354,0.3544,515
Billy Butler,0.354,0.3543,516
Bill Doran,0.354,0.3541,517
Paul Konerko,0.354,0.3541,518
Von Hayes,0.354,0.3541,519
Darrell Porter,0.354,0.3539,520
Pat Kelly,0.354,0.3539,521
Roy Sievers,0.354,0.3538,522
José Ramírez,0.354,0.3538,523
Rance Mulliniks,0.354,0.3537,524
Ron Cey,0.354,0.3537,525
Jack Graney,0.354,0.3537,526
Jeff Blauser,0.354,0.3536,527
George Burns,0.354,0.3535,528
Lloyd Waner,0.353,0.3535,529
Eddie Robinson,0.353,0.3534,530
Red Smith,0.353,0.3534,531
Bobby Bonds,0.353,0.3534,532
Bob Bescher,0.353,0.3533,533
Jim Dwyer,0.353,0.3532,534
Tony Oliva,0.353,0.3531,535
Carlos Santana,0.353,0.3531,536
Charlie Blackmon,0.353,0.353,537
Richie Zisk,0.353,0.3529,538
Jose Canseco,0.353,0.3527,539
Ted Kluszewski,0.353,0.3527,540
Clyde Milan,0.353,0.3527,541
Hoot Evers,0.353,0.3527,542
Jerry Priddy,0.353,0.3526,543
Dave Winfield,0.353,0.3526,544
Randy Velarde,0.352,0.3525,545
Frank Howard,0.352,0.3524,546
Sal Bando,0.352,0.3522,547
Ival Goodman,0.352,0.3521,548
Richie Hebner,0.352,0.3521,549
Steve Henderson,0.352,0.3521,550
Delino DeShields,0.352,0.3521,551
Ray Durham,0.352,0.3521,552
Bucky Harris,0.352,0.352,553
Johnny Damon,0.352,0.3519,554
Jim Rice,0.352,0.3519,555
Jim O'Rourke,0.352,0.3518,556
Ron Northey,0.352,0.3518,557
Ossie Bluege,0.352,0.3518,558
Carlos Correa,0.352,0.3516,559
Kirk Gibson,0.352,0.3516,560
Jimmy Slagle,0.352,0.3515,561
Alan Trammell,0.352,0.3515,562
Johnny Groth,0.352,0.3515,563
Bernard Gilkey,0.352,0.3515,564
Freddie Lindstrom,0.351,0.3515,565
Billy Rogell,0.351,0.3514,566
Lenny Green,0.351,0.3513,567
Nick Swisher,0.351,0.3513,568
Paul Radford,0.351,0.3513,569
Jack Doyle,0.351,0.3513,570
David Freese,0.351,0.3512,571
Bob Skinner,0.351,0.3512,572
Ketel Marte,0.351,0.3512,573
Willson Contreras,0.351,0.3512,574
Gary Roenicke,0.351,0.3511,575
Odell Hale,0.351,0.3511,576
Walt Weiss,0.351,0.3511,577
Orlando Palmeiro,0.351,0.3511,578
Phil Rizzuto,0.351,0.351,579
Hal McRae,0.351,0.3509,580
Bill White,0.351,0.3509,581
John Vander Wal,0.351,0.3508,582
Xander Bogaerts,0.351,0.3508,583
Hank Gowdy,0.351,0.3508,584
Dmitri Young,0.351,0.3507,585
Ken Oberkfell,0.351,0.3506,586
Austin Kearns,0.351,0.3506,587
Robinson Cano,0.351,0.3505,588
Wes Parker,0.351,0.3505,589
Carlos Beltran,0.35,0.3505,590
DJ LeMahieu,0.35,0.3505,591
Tony Gonzalez,0.35,0.3504,592
Andy Pafko,0.35,0.3504,593
Melvin Mora,0.35,0.3504,594
Carlos Ruiz,0.35,0.3503,595
Wayne Garrett,0.35,0.3502,596
Edwin Encarnacion,0.35,0.35,597
Orlando Cepeda,0.35,0.3499,598
Dode Paskert,0.35,0.3498,599
Andy High,0.35,0.3497,600
Yunel Escobar,0.35,0.3496,601
Jody Reed,0.349,0.3495,602
Grady Sizemore,0.349,0.3494,603
Jamey Carroll,0.349,0.3494,604
Cass Michaels,0.349,0.3494,605
David DeJesus,0.349,0.3494,606
Mark McLemore,0.349,0.3493,607
Josh Hamilton,0.349,0.3493,608
Chone Figgins,0.349,0.3493,609
Matt Olson,0.349,0.3492,610
Mike Easler,0.349,0.3492,611
Chad Curtis,0.349,0.349,612
Terry Puhl,0.349,0.3489,613
Rafael Devers,0.349,0.3489,614
Russell Martin,0.349,0.3489,615
Andy Van Slyke,0.349,0.3489,616
Davey Lopes,0.349,0.3489,617
Earl Battey,0.349,0.3488,618
Jerry Mumphrey,0.349,0.3488,619
Steve O'Neill,0.349,0.3488,620
Trea Turner,0.349,0.3487,621
Willie Crawford,0.349,0.3487,622
Bill Sweeney,0.349,0.3487,623
Wally Backman,0.349,0.3486,624
Ken Boyer,0.349,0.3486,625
Johnny Wyrostek,0.349,0.3486,626
Fernando Vina,0.348,0.3485,627
Irish Meusel,0.348,0.3484,628
Don Mincher,0.348,0.3484,629
Butch Wynegar,0.348,0.3484,630
George Springer,0.348,0.3483,631
Dave Bergman,0.348,0.3482,632
Claude Ritchey,0.348,0.3481,633
Buck Ewing,0.348,0.3481,634
Todd Walker,0.348,0.348,635
Jon Jay,0.348,0.348,636
Ted Simmons,0.348,0.3479,637
Yogi Berra,0.348,0.3478,638
Joey Cora,0.348,0.3478,639
Irv Noren,0.348,0.3478,640
Alex Avila,0.348,0.3477,641
Justin Morneau,0.348,0.3476,642
Mark Canha,0.348,0.3476,643
Frank McCormick,0.348,0.3475,644
J.D. Martinez,0.348,0.3475,645
Nellie Fox,0.347,0.3475,646
Bob Bailey,0.347,0.3474,647
Al Bridwell,0.347,0.3474,648
Jimmy Johnston,0.347,0.3474,649
Cy Seymour,0.347,0.3473,650
Red Kress,0.347,0.3473,651
Mike Jorgensen,0.347,0.3472,652
Tony Fernandez,0.347,0.3472,653
Patsy Donovan,0.347,0.3472,654
Lyle Overbay,0.347,0.3471,655
Andres Galarraga,0.347,0.3471,656
Denard Span,0.347,0.3471,657
Pete Fox,0.347,0.347,658
Dusty Baker,0.347,0.3469,659
Tom Herr,0.347,0.3469,660
Larry Hisle,0.347,0.3469,661
Mack Jones,0.347,0.3469,662
Mark Sweeney,0.347,0.3469,663
Ken Caminiti,0.347,0.3468,664
Jeff Conine,0.347,0.3466,665
Andy Seminick,0.347,0.3466,666
Willard Marshall,0.347,0.3466,667
Hank Sauer,0.347,0.3465,668
Brian Roberts,0.347,0.3465,669
Cesar Cedeno,0.346,0.3465,670
Thurman Munson,0.346,0.3465,671
Matty McIntyre,0.346,0.3464,672
Michael Young,0.346,0.3464,673
Carlos Pena,0.346,0.3464,674
Ed Konetchy,0.346,0.3462,675
Mike Napoli,0.346,0.3462,676
Todd Zeile,0.346,0.3461,677
Rick Miller,0.346,0.3461,678
Sam Mertes,0.346,0.3461,679
Buck Freeman,0.346,0.346,680
Luis Alicea,0.346,0.346,681
Jack Clements,0.346,0.346,682
Kyle Schwarber,0.346,0.3459,683
Dale Murphy,0.346,0.3459,684
Patsy Dougherty,0.346,0.3459,685
Mike Kreevich,0.346,0.3459,686
Carl Reynolds,0.346,0.3458,687
Rafael Furcal,0.346,0.3458,688
Hank Bauer,0.346,0.3457,689
Jose Oquendo,0.346,0.3455,690
Curt Welch,0.345,0.3454,691
Roger Maris,0.345,0.3454,692
Giancarlo Stanton,0.345,0.3454,693
Jim Ray Hart,0.345,0.3453,694
David Eckstein,0.345,0.3452,695
Chris Iannetta,0.345,0.3452,696
Del Pratt,0.345,0.3452,697
George Pinkney,0.345,0.3452,698
Pat Tabler,0.345,0.3451,699
Cecil Fielder,0.345,0.345,700
Stan Javier,0.345,0.3448,701
Yasmani Grandal,0.345,0.3447,702
Bake McBride,0.345,0.3447,703
José Abreu,0.345,0.3447,704
Don Hoak,0.345,0.3447,705
Roy Smalley,0.345,0.3447,706
Robbie Grossman,0.345,0.3446,707
Jeromy Burnitz,0.345,0.3446,708
Michael Conforto,0.345,0.3445,709
Matty Alou,0.345,0.3445,710
Carson Bigbee,0.345,0.3445,711
Elmer Smith,0.344,0.3445,712
Gregg Jefferies,0.344,0.3443,713
Al Oliver,0.344,0.3442,714
Tino Martinez,0.344,0.3442,715
Eddie Waitkus,0.344,0.3442,716
John Milner,0.344,0.3441,717
Geoff Jenkins,0.344,0.3441,718
Gregg Zaun,0.344,0.3441,719
Jim Landis,0.344,0.3441,720
Mike Scioscia,0.344,0.3441,721
Michael Cuddyer,0.344,0.344,722
Phil Masi,0.344,0.3439,723
Jo-Jo Moore,0.344,0.3439,724
Tommy Pham,0.344,0.3439,725
Ryne Sandberg,0.344,0.3439,726
Rickie Weeks,0.344,0.3439,727
Seth Smith,0.344,0.3438,728
Sammy Sosa,0.344,0.3438,729
Richie Sexson,0.344,0.3437,730
Tito Francona,0.343,0.3435,731
Ryan Howard,0.343,0.3435,732
Jimmy Collins,0.343,0.3435,733
Otis Nixon,0.343,0.3434,734
Jay Bell,0.343,0.3434,735
Frankie Hayes,0.343,0.3434,736
Al Bumbry,0.343,0.3433,737
Willie Jones,0.343,0.3432,738
Juan Gonzalez,0.343,0.3432,739
Juan Pierre,0.343,0.3432,740
Ken Henderson,0.343,0.3431,741
Nelson Cruz,0.343,0.3431,742
Carlos González,0.343,0.3431,743
Edgar Renteria,0.343,0.343,744
Amos Otis,0.343,0.343,745
Tony Cuccinello,0.343,0.343,746
Reggie Sanders,0.343,0.343,747
Dick McAuliffe,0.343,0.3429,748
Lorenzo Cain,0.343,0.3429,749
Ian Happ,0.343,0.3428,750
Randy Winn,0.343,0.3428,751
Placido Polanco,0.343,0.3428,752
Carney Lansford,0.343,0.3427,753
Pinky Whitney,0.343,0.3426,754
Lou Brock,0.343,0.3426,755
Stuffy McInnis,0.343,0.3426,756
Phil Nevin,0.343,0.3426,757
Sparky Adams,0.343,0.3426,758
Denis Menke,0.343,0.3425,759
Sam Chapman,0.342,0.3425,760
Chase Headley,0.342,0.3425,761
Luis Polonia,0.342,0.3425,762
Danny Litwhiler,0.342,0.3424,763
Justin Upton,0.342,0.3424,764
Ron LeFlore,0.342,0.3423,765
Curt Flood,0.342,0.3423,766
Eric Chavez,0.342,0.3422,767
Robin Yount,0.342,0.3422,768
Matt Joyce,0.342,0.3421,769
Hank Severeid,0.342,0.3421,770
High Pockets Kelly,0.342,0.3421,771
Jacoby Ellsbury,0.342,0.3421,772
Starling Marte,0.342,0.3421,773
Hank Majeski,0.342,0.342,774
Heinie Peitz,0.342,0.3418,775
Don Baylor,0.342,0.3417,776
Francisco Lindor,0.342,0.3417,777
Johnny Bench,0.342,0.3416,778
Gary Redus,0.342,0.3416,779
Aubrey Huff,0.342,0.3416,780
Brett Gardner,0.342,0.3416,781
Max Flack,0.342,0.3416,782
Craig Counsell,0.342,0.3416,783
Marco Scutaro,0.342,0.3416,784
Frank Baumholtz,0.342,0.3416,785
Whitey Lockman,0.342,0.3416,786
Mike Lowell,0.342,0.3415,787
Jim Eisenreich,0.341,0.3415,788
Dave Martinez,0.341,0.3414,789
Deacon White,0.341,0.3414,790
Daniel Murphy,0.341,0.3413,791
Paul Schaal,0.341,0.3413,792
Aramis Ramirez,0.341,0.3412,793
Wally Pipp,0.341,0.3412,794
Duff Cooley,0.341,0.3411,795
Charlie Grimm,0.341,0.3411,796
Birdie Tebbetts,0.341,0.341,797
Tony Perez,0.341,0.341,798
Ryan Zimmerman,0.341,0.3409,799
George Case,0.341,0.3408,800
Hardy Richardson,0.341,0.3408,801
Dale Long,0.341,0.3407,802
Jason Varitek,0.341,0.3407,803
César Hernández,0.341,0.3407,804
Dick Hoblitzell,0.341,0.3407,805
Carl Everett,0.341,0.3407,806
Carlton Fisk,0.341,0.3407,807
Frankie Crosetti,0.341,0.3407,808
Buddy Bell,0.341,0.3405,809
Bill Spiers,0.341,0.3405,810
Orlando Hudson,0.341,0.3405,811
Paul Sorrento,0.34,0.3405,812
Davey Johnson,0.34,0.3403,813
Joe Stripp,0.34,0.3403,814
Nolan Arenado,0.34,0.3402,815
Doc Cramer,0.34,0.3402,816
Cal Ripken Jr.,0.34,0.3402,817
Ray Schalk,0.34,0.3402,818
Leon Wagner,0.34,0.3402,819
Bob Horner,0.34,0.34,820
Tommy Leach,0.34,0.3399,821
Josh Bell,0.34,0.3399,822
Mark DeRosa,0.34,0.3399,823
Ron Hassey,0.34,0.3399,824
Del Ennis,0.34,0.3398,825
Bill Freehan,0.34,0.3397,826
Roger Cedeno,0.34,0.3397,827
Mike Mitchell,0.34,0.3397,828
Tom Haller,0.34,0.3397,829
Howard Johnson,0.34,0.3396,830
Miguel Montero,0.34,0.3396,831
Deacon McGuire,0.34,0.3396,832
Bobby Adams,0.34,0.3396,833
Solly Hofman,0.34,0.3396,834
Shane Victorino,0.34,0.3396,835
Joc Pederson,0.34,0.3396,836
Fred Luderus,0.34,0.3395,837
Joe Randa,0.339,0.3394,838
Lee Lacy,0.339,0.3393,839
Adrián Beltré,0.339,0.3393,840
Michael Tucker,0.339,0.3393,841
Cleon Jones,0.339,0.3393,842
Scott Podsednik,0.339,0.3392,843
Chief Zimmer,0.339,0.3392,844
Tilly Walker,0.339,0.3391,845
Manny Machado,0.339,0.3391,846
Tony Clark,0.339,0.3391,847
Ralph Young,0.339,0.339,848
Jack Smith,0.339,0.339,849
Carlos Lee,0.339,0.339,850
Dave Parker,0.339,0.3389,851
Marv Owen,0.339,0.3388,852
Ralph Garr,0.339,0.3387,853
Al Martin,0.339,0.3387,854
Greg Norton,0.339,0.3387,855
Denny Walling,0.339,0.3386,856
Milt Stock,0.339,0.3385,857
Tony Bernazard,0.339,0.3385,858
George Foster,0.338,0.3385,859
Ricky Gutierrez,0.338,0.3384,860
Gregor Blanco,0.338,0.3383,861
David Dellucci,0.338,0.3383,862
Paul Hines,0.338,0.3383,863
Neil Walker,0.338,0.3382,864
Tommy Harper,0.338,0.3382,865
Alex Gordon,0.338,0.3382,866
Andrew Benintendi,0.338,0.3381,867
Jermaine Dye,0.338,0.3381,868
Dave Collins,0.338,0.338,869
Mickey Morandini,0.338,0.338,870
Mike Cameron,0.338,0.338,871
Duke Farrell,0.338,0.3378,872
Greg Brock,0.338,0.3378,873
Jim Fregosi,0.338,0.3377,874
Ronnie Belliard,0.338,0.3377,875
Ken Keltner,0.338,0.3377,876
Don Slaught,0.338,0.3377,877
Andruw Jones,0.337,0.3375,878
Ozzie Smith,0.337,0.3375,879
Roberto Kelly,0.337,0.3374,880
José Cruz,0.337,0.3373,881
John Lowenstein,0.337,0.3373,882
Hans Lobert,0.337,0.3373,883
Curtis Granderson,0.337,0.3372,884
Howie Kendrick,0.337,0.3372,885
Red Schoendienst,0.337,0.3371,886
Paul Lo Duca,0.337,0.3371,887
Mike Lieberthal,0.337,0.337,888
Javy Lopez,0.337,0.337,889
Brian McCann,0.337,0.3369,890
Matt Kemp,0.337,0.3369,891
Tim McCarver,0.337,0.3369,892
Joe Adcock,0.337,0.3369,893
Charlie Hemphill,0.337,0.3369,894
Carmelo Martinez,0.337,0.3368,895
Marcell Ozuna,0.337,0.3368,896
Wes Covington,0.337,0.3368,897
Ian Kinsler,0.337,0.3368,898
Greg Vaughn,0.337,0.3367,899
Connie Ryan,0.337,0.3367,900
Jimmy Williams,0.337,0.3367,901
Cecil Cooper,0.337,0.3366,902
Terry Moore,0.337,0.3366,903
Wayne Gross,0.337,0.3366,904
Skip Schumaker,0.337,0.3366,905
Bill Melton,0.337,0.3366,906
Travis Lee,0.337,0.3366,907
Travis Jackson,0.337,0.3365,908
Danny Murphy,0.336,0.3364,909
Warren Cromartie,0.336,0.3364,910
Rondell White,0.336,0.3364,911
Omar Vizquel,0.336,0.3364,912
Casey Blake,0.336,0.3363,913
Pete O'Brien,0.336,0.3363,914
James Loney,0.336,0.3363,915
Jack Rothrock,0.336,0.3363,916
Jimmie Wilson,0.336,0.3362,917
Roger Peckinpaugh,0.336,0.3361,918
Peanuts Lowrey,0.336,0.3361,919
Tim Teufel,0.336,0.3361,920
Dante Bichette,0.336,0.3361,921
Adam LaRoche,0.336,0.336,922
Ben Oglivie,0.336,0.336,923
Sid Bream,0.336,0.3359,924
Travis Fryman,0.336,0.3359,925
Jason Heyward,0.336,0.3359,926
Derek Bell,0.336,0.3358,927
Miguel Tejada,0.336,0.3358,928
Darin Erstad,0.336,0.3358,929
Charlie Bennett,0.336,0.3357,930
Ron Gant,0.336,0.3357,931
Dan Uggla,0.336,0.3356,932
Lou Finney,0.336,0.3356,933
Ethan Allen,0.336,0.3356,934
Mike Tresh,0.335,0.3355,935
Jesse Barfield,0.335,0.3354,936
Milt Thompson,0.335,0.3354,937
Raul Ibanez,0.335,0.3354,938
Cesar Tovar,0.335,0.3354,939
Willie Upshaw,0.335,0.3353,940
Ping Bodie,0.335,0.3352,941
Eric Hosmer,0.335,0.3352,942
Jonathan Lucroy,0.335,0.3352,943
Herman Long,0.335,0.3351,944
Jason Michaels,0.335,0.3351,945
Keith Moreland,0.335,0.3351,946
Harry Davis,0.335,0.3351,947
Reed Johnson,0.335,0.335,948
Tom Brown,0.335,0.335,949
Martin Prado,0.335,0.3349,950
Gary Carter,0.335,0.3347,951
David Peralta,0.335,0.3347,952
Steve Sax,0.335,0.3347,953
Tom Tresh,0.335,0.3346,954
Aaron Ward,0.335,0.3346,955
Jim Hickman,0.335,0.3346,956
Jorge Orta,0.334,0.3343,957
Jose Reyes,0.334,0.3343,958
Mike Mowrey,0.334,0.3343,959
Glenn Myatt,0.334,0.3342,960
Melky Cabrera,0.334,0.3341,961
Chris Chambliss,0.334,0.3341,962
Dave Cash,0.334,0.334,963
Randy Bush,0.334,0.3339,964
Jeff Reed,0.334,0.3339,965
Brook Jacoby,0.334,0.3339,966
Jack Glasscock,0.334,0.3338,967
Lance Johnson,0.334,0.3337,968
Hunter Pence,0.334,0.3336,969
Bill Tuttle,0.334,0.3336,970
Val Picinich,0.334,0.3335,971
Ivan Rodriguez,0.334,0.3335,972
Dave Philley,0.334,0.3335,973
David Murphy,0.333,0.3334,974
Cliff Heathcote,0.333,0.3334,975
Jason Kipnis,0.333,0.3334,976
Brian Jordan,0.333,0.3333,977
Jim Northrup,0.333,0.3333,978
Danny O'Connell,0.333,0.3333,979
Austin Jackson,0.333,0.3332,980
Jack McCarthy,0.333,0.3332,981
Jonny Gomes,0.333,0.3332,982
Willie McGee,0.333,0.333,983
Cody Bellinger,0.333,0.333,984
Felipe Lopez,0.333,0.333,985
Evan Longoria,0.333,0.333,986
Johnny Ray,0.333,0.3329,987
Chico Carrasquel,0.333,0.3328,988
Julio Lugo,0.333,0.3328,989
Gene Moore,0.333,0.3327,990
George Scott,0.333,0.3327,991
Alvin Dark,0.333,0.3327,992
Gerald Perry,0.333,0.3327,993
Wayne Causey,0.333,0.3326,994
Duffy Lewis,0.333,0.3326,995
Jose Cardenal,0.333,0.3326,996
Lou Piniella,0.333,0.3325,997
Yonder Alonso,0.332,0.3325,998
Willie Horton,0.332,0.3324,999
Rico Petrocelli,0.332,0.3324,1000
