Name,Secondary Average,Raw,Rank
Barry Bonds,0.606,0.60648,1
Babe Ruth,0.594,0.59388,2
Ted Williams,0.553,0.55256,3
Mark McGwire,0.539,0.53887,4
Aaron Judge,0.524,0.52364,5
Juan Soto,0.492,0.4917,6
Mike Trout,0.487,0.48718,7
Mickey Mantle,0.487,0.48679,8
Jim Thome,0.485,0.48504,9
Lou Gehrig,0.481,0.48094,10
Ralph Kiner,0.467,0.46724,11
Jimmie Foxx,0.464,0.46435,12
Hank Greenberg,0.462,0.46178,13
Frank Thomas,0.458,0.45835,14
Mike Schmidt,0.45,0.45007,15
Adam Dunn,0.45,0.44966,16
Charlie Keller,0.444,0.44406,17
Harmon Killebrew,0.444,0.44397,18
Jeff Bagwell,0.439,0.43914,19
Rickey Henderson,0.437,0.43737,20
Manny Ramirez,0.435,0.43498,21
Kyle Schwarber,0.435,0.43479,22
Lance Berkman,0.434,0.43429,23
Jason Giambi,0.429,0.42893,24
Bryce Harper,0.428,0.42834,25
Billy Hamilton,0.423,0.42262,26
Darryl Strawberry,0.42,0.4199,27
Carlos Delgado,0.419,0.4192,28
Mel Ott,0.419,0.41899,29
David Ortiz,0.419,0.41898,30
Joe Morgan,0.414,0.4136,31
Willie Mays,0.412,0.41191,32
Joey Votto,0.412,0.41189,33
Eddie Mathews,0.411,0.4108,34
Gene Tenace,0.41,0.41002,35
Willie McCovey,0.41,0.40954,36
Mickey Tettleton,0.409,0.40868,37
Larry Walker,0.407,0.40698,38
Eric Davis,0.406,0.40594,39
Alex Rodriguez,0.406,0.40592,40
Chipper Jones,0.406,0.40572,41
Jose Bautista,0.404,0.40373,42
Dolph Camilli,0.403,0.40295,43
Brian Giles,0.403,0.40279,44
John McGraw,0.401,0.40061,45
Giancarlo Stanton,0.4,0.4004,46
Ken Griffey Jr.,0.4,0.39965,47
Gary Sheffield,0.398,0.39839,48
Troy Glaus,0.398,0.39815,49
Frank Robinson,0.397,0.39746,50
Carlos Pena,0.397,0.39705,51
Dick Allen,0.396,0.39577,52
Jack Clark,0.396,0.3955,53
Russell Branyan,0.394,0.394,54
Jay Buhner,0.394,0.39398,55
Albert Belle,0.394,0.39364,56
Matt Olson,0.394,0.39355,57
Jose Canseco,0.393,0.3928,58
Todd Helton,0.391,0.39136,59
Jim Edmonds,0.391,0.39093,60
Bobby Abreu,0.39,0.38962,61
Pat Burrell,0.389,0.38942,62
Hack Wilson,0.389,0.38929,63
Jimmy Wynn,0.388,0.3884,64
J.D. Drew,0.388,0.38798,65
Johnny Mize,0.387,0.38693,66
Duke Snider,0.387,0.38668,67
Edgar Martinez,0.384,0.38444,68
Paul Goldschmidt,0.383,0.38301,69
David Justice,0.383,0.38276,70
Ryan Howard,0.382,0.38216,71
Bob Allison,0.381,0.38136,72
Tim Salmon,0.381,0.38086,73
Greg Vaughn,0.38,0.38047,74
Sammy Sosa,0.38,0.38035,75
Reggie Jackson,0.379,0.37895,76
Josh Donaldson,0.379,0.37893,77
Stan Musial,0.378,0.37824,78
Danny Tartabull,0.378,0.37797,79
Fred McGriff,0.378,0.37764,80
Hank Aaron,0.376,0.37642,81
Ryan Klesko,0.376,0.37605,82
Mark Teixeira,0.376,0.37601,83
Roy Cullenbine,0.376,0.37587,84
Mookie Betts,0.375,0.37502,85
Mike Napoli,0.374,0.37445,86
Norm Cash,0.374,0.37435,87
Bobby Bonds,0.374,0.37427,88
Albert Pujols,0.374,0.37422,89
Rob Deer,0.374,0.37387,90
Travis Hafner,0.374,0.37365,91
Ray Lankford,0.374,0.37359,92
Joe DiMaggio,0.373,0.37311,93
Jason Bay,0.373,0.37292,94
Gorman Thomas,0.372,0.37203,95
Larry Doby,0.372,0.37173,96
Edwin Encarnacion,0.371,0.37102,97
José Ramírez,0.371,0.37058,98
Prince Fielder,0.37,0.3697,99
Bob Johnson,0.37,0.36951,100
Al Rosen,0.369,0.36886,101
Howard Johnson,0.369,0.36862,102
Tommy Henrich,0.368,0.36802,103
Earl Torgeson,0.368,0.36788,104
Rocky Colavito,0.368,0.36752,105
Darren Daulton,0.366,0.36556,106
Andre Thornton,0.366,0.36553,107
Richie Sexson,0.365,0.36546,108
Willie Stargell,0.365,0.36533,109
Darrell Evans,0.365,0.36532,110
Carlos Santana,0.364,0.36392,111
Harry Stovey,0.364,0.3638,112
Mo Vaughn,0.364,0.36352,113
Bernie Carbo,0.363,0.36297,114
Gary Redus,0.363,0.36294,115
Rafael Palmeiro,0.361,0.36077,116
Joc Pederson,0.361,0.36072,117
Andruw Jones,0.361,0.36071,118
Cecil Fielder,0.361,0.36067,119
Josh Willingham,0.36,0.36043,120
Joe Ferguson,0.36,0.36021,121
Jeromy Burnitz,0.36,0.36007,122
Harlond Clift,0.36,0.36003,123
Reggie Sanders,0.359,0.35876,124
Curtis Granderson,0.359,0.35862,125
Alex Bregman,0.356,0.35599,126
Tim Raines,0.356,0.35595,127
Dwight Evans,0.355,0.35505,128
Kirk Gibson,0.355,0.35478,129
Kevin Mitchell,0.355,0.35462,130
Jorge Posada,0.354,0.3544,131
Yasmani Grandal,0.354,0.35379,132
Cody Bellinger,0.354,0.35356,133
Gavvy Cravath,0.353,0.35333,134
Mike Cameron,0.353,0.35327,135
Matt Stairs,0.353,0.35319,136
José Cruz,0.353,0.35309,137
Ron Gant,0.353,0.35292,138
Mike Tiernan,0.353,0.35291,139
Freddie Freeman,0.353,0.35276,140
Roy Campanella,0.353,0.35268,141
Mark Reynolds,0.353,0.35254,142
Gil Hodges,0.352,0.3522,143
Ian Happ,0.352,0.3521,144
Matt Carpenter,0.351,0.35132,145
Max Bishop,0.35,0.35047,146
Brady Anderson,0.35,0.35036,147
Nick Swisher,0.35,0.34997,148
Rogers Hornsby,0.349,0.34944,149
Don Mincher,0.349,0.34923,150
Brandon Belt,0.348,0.34849,151
John Mayberry,0.348,0.34845,152
Jackie Robinson,0.348,0.34837,153
Hank Sauer,0.348,0.34821,154
Ryan Braun,0.348,0.34793,155
Jason Thompson,0.348,0.34756,156
Jayson Werth,0.347,0.34719,157
Christian Yelich,0.347,0.34715,158
Matt Chapman,0.347,0.34694,159
Derrek Lee,0.347,0.34688,160
Mike Piazza,0.347,0.34684,161
Bill Nicholson,0.347,0.34674,162
Roger Maris,0.347,0.3466,163
Boog Powell,0.346,0.34561,164
Frank Howard,0.346,0.34556,165
Carlos Beltran,0.345,0.34531,166
Cliff Johnson,0.345,0.34499,167
Andrew McCutchen,0.345,0.34492,168
Mike Stanley,0.345,0.34486,169
Kris Bryant,0.345,0.34473,170
Rudy York,0.345,0.34459,171
Nelson Cruz,0.344,0.34449,172
Kevin Youkilis,0.344,0.34436,173
Dan Brouthers,0.344,0.34398,174
David Wright,0.344,0.34361,175
Ellis Burks,0.342,0.34209,176
George Springer,0.342,0.34178,177
Jackie Jensen,0.341,0.34072,178
Ferris Fain,0.341,0.34071,179
Scott Rolen,0.341,0.3405,180
Earl Averill,0.34,0.33968,181
Dale Murphy,0.339,0.33932,182
Charlie Maxwell,0.339,0.33929,183
Roy Sievers,0.339,0.33913,184
Jorge Soler,0.339,0.33883,185
Justin Upton,0.339,0.33879,186
Chris Davis,0.339,0.33869,187
Dave Kingman,0.338,0.33848,188
Eddie Yost,0.338,0.33842,189
Dan Uggla,0.338,0.33831,190
Tony Clark,0.338,0.33804,191
Michael Conforto,0.338,0.33795,192
Jeff Heath,0.338,0.33765,193
Chris Iannetta,0.338,0.33764,194
John Olerud,0.338,0.33759,195
Ken Williams,0.338,0.33752,196
Matt Joyce,0.337,0.33728,197
Cliff Floyd,0.337,0.33672,198
Dwayne Murphy,0.337,0.33655,199
Juan Gonzalez,0.336,0.33618,200
Rafael Devers,0.336,0.3361,201
Vladimir Guerrero,0.336,0.33599,202
Matt Holliday,0.336,0.33571,203
Reggie Smith,0.336,0.33556,204
Joe Gordon,0.336,0.33555,205
Gary Roenicke,0.335,0.3353,206
Kent Hrbek,0.335,0.33527,207
Miguel Cabrera,0.335,0.33517,208
Leon Durham,0.335,0.3351,209
Carl Yastrzemski,0.335,0.33509,210
Anthony Rizzo,0.334,0.33397,211
Trot Nixon,0.334,0.33361,212
J.D. Martinez,0.333,0.33274,213
Greg Luzinski,0.333,0.33267,214
Roger Connor,0.333,0.33256,215
Jose Valentin,0.332,0.33237,216
Shawn Green,0.332,0.33225,217
Alex Avila,0.332,0.33203,218
Shin-Soo Choo,0.332,0.33202,219
Sid Gordon,0.332,0.33193,220
Grady Sizemore,0.332,0.33156,221
Rick Monday,0.331,0.33083,222
Hanley Ramirez,0.331,0.33076,223
Todd Hundley,0.33,0.3298,224
Jesse Barfield,0.33,0.32969,225
Eric Chavez,0.329,0.32947,226
Alvin Davis,0.329,0.32925,227
Denny Lyons,0.329,0.32906,228
Jay Bruce,0.328,0.3283,229
Johnny Briggs,0.328,0.32815,230
Johnny Bench,0.328,0.32802,231
Jeff Burroughs,0.328,0.32785,232
Chuck Klein,0.328,0.32778,233
Joe Kelley,0.328,0.32758,234
Mickey Cochrane,0.328,0.32753,235
Mike Griffin,0.328,0.32753,236
Dean Palmer,0.327,0.32742,237
Fred Lynn,0.327,0.32736,238
Ken Singleton,0.327,0.32731,239
John Vander Wal,0.327,0.32715,240
Moises Alou,0.327,0.32699,241
Eugenio Suárez,0.327,0.32693,242
Robin Ventura,0.327,0.32687,243
Luis Gonzalez,0.327,0.32653,244
Oscar Gamble,0.327,0.32652,245
Will Clark,0.327,0.3265,246
Corey Seager,0.326,0.32641,247
Davey Lopes,0.326,0.32625,248
Vic Wertz,0.326,0.32612,249
Ed Bailey,0.326,0.32589,250
Brian Dozier,0.326,0.32576,251
Hal Trosky,0.326,0.32571,252
Darrell Porter,0.326,0.32569,253
Nate Colbert,0.326,0.32554,254
Ron Cey,0.325,0.32463,255
Merv Rettenmund,0.324,0.32446,256
Francisco Lindor,0.324,0.3244,257
Josh Hamilton,0.324,0.32438,258
Bernie Williams,0.324,0.32393,259
Mack Jones,0.324,0.32384,260
Chris Young,0.324,0.32378,261
Paul Sorrento,0.323,0.32327,262
Andy Seminick,0.323,0.32288,263
Tony Lazzeri,0.323,0.32285,264
Justin Smoak,0.323,0.32266,265
Bobby Higginson,0.323,0.32261,266
Ron Santo,0.323,0.32261,267
Jonny Gomes,0.322,0.32234,268
Carlos González,0.322,0.32207,269
Dexter Fowler,0.321,0.32123,270
Eddie Stanky,0.321,0.32109,271
Lenny Dykstra,0.321,0.3209,272
Milton Bradley,0.32,0.32039,273
Alfonso Soriano,0.32,0.32,274
Chili Davis,0.32,0.31961,275
Frank Chance,0.32,0.31953,276
Brandon Moss,0.32,0.3195,277
Willson Contreras,0.319,0.31946,278
John Kruk,0.319,0.31896,279
Bob Horner,0.319,0.31877,280
Andy Van Slyke,0.319,0.31868,281
Anthony Rendon,0.319,0.31862,282
Adam LaRoche,0.319,0.31861,283
Ed Delahanty,0.319,0.31859,284
George Grantham,0.319,0.3185,285
Bobby Grich,0.318,0.31843,286
Topsy Hartsel,0.318,0.31828,287
Billy Williams,0.318,0.31807,288
Paul Konerko,0.318,0.318,289
Augie Galan,0.318,0.31767,290
Bobby Bonilla,0.318,0.31762,291
Rickie Weeks,0.317,0.31718,292
Wayne Gross,0.317,0.31712,293
Troy Tulowitzki,0.317,0.31703,294
Babe Herman,0.317,0.31697,295
Dale Long,0.317,0.31689,296
Raul Mondesi,0.317,0.31682,297
Bob Bescher,0.317,0.3168,298
Carlos Correa,0.316,0.31629,299
Gus Zernial,0.316,0.3159,300
Al Kaline,0.316,0.31574,301
Tommy Pham,0.315,0.31534,302
Eddie Joost,0.315,0.31502,303
Chase Utley,0.315,0.31501,304
Jimmy Sheckard,0.315,0.31479,305
Von Hayes,0.315,0.31454,306
Dave Winfield,0.314,0.31391,307
Nolan Arenado,0.314,0.31388,308
Matt Lawton,0.314,0.31388,309
Paul O'Neill,0.314,0.31375,310
John Milner,0.314,0.31374,311
Rusty Greer,0.313,0.3134,312
Wil Myers,0.313,0.31338,313
Wally Berger,0.313,0.31261,314
Eddie Murray,0.312,0.31246,315
Ben Zobrist,0.312,0.31241,316
Teoscar Hernández,0.312,0.31215,317
Phil Nevin,0.312,0.31208,318
B.J. Upton,0.312,0.31208,319
Glenn Davis,0.312,0.31191,320
Evan Longoria,0.312,0.3118,321
Todd Frazier,0.312,0.3117,322
Brian Downing,0.311,0.31122,323
Josh Bell,0.311,0.3111,324
Tino Martinez,0.311,0.31093,325
Tom Brunansky,0.311,0.3107,326
Dummy Hoy,0.311,0.31067,327
Eric Hinske,0.311,0.31051,328
Charles Johnson,0.31,0.31048,329
Tris Speaker,0.31,0.31005,330
Seth Smith,0.31,0.30988,331
Preston Wilson,0.31,0.30952,332
Gene Woodling,0.309,0.30947,333
Lu Blue,0.309,0.30945,334
Jermaine Dye,0.309,0.30922,335
Nate McLouth,0.309,0.30918,336
Sixto Lezcano,0.309,0.30914,337
Woodie Held,0.309,0.30903,338
Elmer Smith,0.309,0.30892,339
Jeff Kent,0.308,0.30831,340
Adam Duvall,0.308,0.30828,341
Joe Cronin,0.308,0.30822,342
Trea Turner,0.308,0.30813,343
Manny Machado,0.308,0.30798,344
Norm Siebern,0.308,0.30774,345
Geoff Jenkins,0.308,0.30766,346
Lee Mazzilli,0.307,0.30723,347
Adrian Gonzalez,0.307,0.30719,348
Cupid Childs,0.307,0.30705,349
Toby Harrah,0.307,0.30654,350
Ernie Banks,0.306,0.30602,351
Barry Larkin,0.306,0.30591,352
Max Kepler,0.306,0.30553,353
Larry Hisle,0.305,0.30535,354
Ty Cobb,0.305,0.30506,355
Tony Phillips,0.305,0.30484,356
Sal Bando,0.305,0.30467,357
Sam Mertes,0.305,0.30465,358
Ketel Marte,0.304,0.30439,359
Charlie Gehringer,0.304,0.30429,360
Gabby Hartnett,0.304,0.3041,361
Gary Matthews,0.304,0.3039,362
Bobby Murcer,0.304,0.30386,363
Eddie Collins,0.304,0.30385,364
Roger Bresnahan,0.304,0.30373,365
Wally Post,0.304,0.30372,366
Hideki Matsui,0.304,0.30369,367
George Foster,0.303,0.30343,368
Goose Goslin,0.303,0.30326,369
Oyster Burns,0.303,0.30278,370
Greg Norton,0.302,0.30249,371
Elmer Valo,0.302,0.30245,372
Jim Lemon,0.302,0.30218,373
Pedro Guerrero,0.302,0.30211,374
Jim King,0.301,0.30123,375
Michael Tucker,0.301,0.301,376
Jason Varitek,0.301,0.30084,377
Hugh Duffy,0.301,0.30062,378
Marcell Ozuna,0.301,0.30057,379
Matt Kemp,0.3,0.30039,380
Brett Gardner,0.3,0.30033,381
Tom Tresh,0.3,0.30016,382
Glenallen Hill,0.3,0.30013,383
Joe Cunningham,0.3,0.30012,384
Ruppert Jones,0.3,0.30011,385
Elbie Fletcher,0.3,0.30006,386
Kip Selbach,0.3,0.29977,387
Bob Nieman,0.3,0.29954,388
Dick Stuart,0.299,0.29947,389
Carmelo Martinez,0.299,0.29938,390
Cesar Cedeno,0.299,0.29932,391
Brad Miller,0.299,0.29917,392
Dan Driessen,0.299,0.29914,393
Dick McAuliffe,0.299,0.29911,394
Justin Morneau,0.299,0.299,395
George Brett,0.299,0.29858,396
Chris Taylor,0.299,0.29851,397
Ryan Zimmerman,0.298,0.29847,398
Kevin Millar,0.298,0.29821,399
Ken Caminiti,0.298,0.29819,400
Steve Kemp,0.298,0.29818,401
Tom Daly,0.298,0.29795,402
Elmer Flick,0.298,0.29784,403
Colby Rasmus,0.298,0.29779,404
Brian McCann,0.298,0.29768,405
John Valentin,0.298,0.29768,406
Gus Suhr,0.297,0.29733,407
Lou Whitaker,0.297,0.2972,408
Lonnie Smith,0.297,0.2971,409
Kenny Lofton,0.297,0.29704,410
Joe Adcock,0.297,0.297,411
Jim Hickman,0.297,0.29668,412
Marcus Semien,0.297,0.29663,413
David Dellucci,0.297,0.29655,414
Minnie Minoso,0.296,0.29625,415
Russell Martin,0.296,0.29609,416
Corey Hart,0.296,0.29606,417
Roberto Alomar,0.296,0.29604,418
Honus Wagner,0.296,0.29588,419
Lee Stevens,0.296,0.29562,420
Kelly Johnson,0.295,0.2954,421
Harry Heilmann,0.295,0.29511,422
Lloyd Moseby,0.295,0.2951,423
Mike Sweeney,0.295,0.29491,424
Austin Kearns,0.295,0.29479,425
Bob Elliott,0.295,0.29478,426
Delino DeShields,0.295,0.29451,427
John Cangelosi,0.294,0.29441,428
Ripper Collins,0.294,0.2944,429
Paul Radford,0.294,0.29424,430
Doug DeCinces,0.294,0.2942,431
Joe Jackson,0.294,0.29412,432
Robbie Grossman,0.294,0.29401,433
Wally Moon,0.294,0.29383,434
Greg Brock,0.294,0.29357,435
Graig Nettles,0.294,0.29357,436
Don Baylor,0.293,0.29349,437
Buck Ewing,0.293,0.29346,438
Carl Everett,0.293,0.29341,439
Chick Hafey,0.293,0.29341,440
J.T. Snow,0.293,0.29339,441
Eddie Robinson,0.293,0.29309,442
Magglio Ordonez,0.293,0.29306,443
Ray Durham,0.293,0.29293,444
Jack Fournier,0.293,0.29263,445
Carlton Fisk,0.293,0.2926,446
John Lowenstein,0.293,0.29258,447
AJ Pollock,0.293,0.29258,448
Kyle Seager,0.292,0.29203,449
Sherry Magee,0.292,0.29176,450
Billy Nash,0.292,0.29159,451
Nomar Garciaparra,0.291,0.29144,452
Yogi Berra,0.291,0.29133,453
Mitch Moreland,0.291,0.29133,454
Raul Ibanez,0.291,0.29113,455
Lyle Overbay,0.291,0.29067,456
Wally Schang,0.291,0.29056,457
Roy White,0.291,0.29053,458
Ron Northey,0.29,0.29004,459
Keith Hernandez,0.29,0.28996,460
Carlos Lee,0.29,0.28987,461
Matt Williams,0.29,0.28986,462
Jim Ray Hart,0.29,0.28972,463
Kevin McReynolds,0.29,0.28951,464
Rico Petrocelli,0.289,0.28942,465
Michael Cuddyer,0.289,0.28936,466
Jim Russell,0.289,0.28929,467
Billy Werber,0.289,0.28921,468
Mike Jorgensen,0.289,0.2891,469
Stan Spence,0.289,0.28907,470
Sam Thompson,0.289,0.28898,471
Kiki Cuyler,0.289,0.28893,472
King Kelly,0.289,0.28892,473
Tommy Harper,0.289,0.28888,474
Jason Kubel,0.289,0.28879,475
Leon Wagner,0.289,0.28875,476
Chuck Knoblauch,0.289,0.28872,477
Pete Incaviglia,0.288,0.28845,478
Ron Fairly,0.288,0.28842,479
Andres Galarraga,0.288,0.28841,480
Jonathan Villar,0.288,0.28839,481
Jim Rice,0.288,0.28827,482
Aramis Ramirez,0.288,0.28823,483
Ben Chapman,0.288,0.28821,484
Enos Slaughter,0.288,0.2882,485
Bill Dahlen,0.288,0.28812,486
Bid McPhee,0.288,0.2879,487
Mark Canha,0.288,0.28778,488
Tom Brown,0.288,0.28758,489
Al Smith,0.287,0.28747,490
Chad Curtis,0.287,0.28728,491
Jim Dwyer,0.287,0.28721,492
Joe Carter,0.287,0.28711,493
Ian Kinsler,0.287,0.28708,494
Ray Boone,0.287,0.28699,495
Andre Ethier,0.287,0.28688,496
Gary Pettis,0.287,0.28686,497
Jimmy Ryan,0.287,0.28662,498
Bill Melton,0.287,0.28658,499
Amos Otis,0.286,0.28634,500
Bob Bailey,0.286,0.28625,501
Ryne Sandberg,0.286,0.28611,502
Ryan Ludwick,0.286,0.286,503
Bobby Doerr,0.286,0.28577,504
Roy Thomas,0.286,0.28569,505
Jim Landis,0.285,0.28545,506
Mark Trumbo,0.285,0.28543,507
Luis Valbuena,0.285,0.28526,508
Jim Bottomley,0.285,0.28524,509
Al Martin,0.285,0.28524,510
Jason Kipnis,0.285,0.2852,511
Craig Biggio,0.285,0.28512,512
Willie Jones,0.285,0.2851,513
Orlando Cepeda,0.285,0.28485,514
C.J. Cron,0.285,0.28474,515
Bernard Gilkey,0.285,0.28466,516
Ted Kluszewski,0.285,0.28453,517
Travis Lee,0.284,0.28449,518
Sam Chapman,0.284,0.28448,519
Willie Kirkland,0.284,0.28392,520
Todd Zeile,0.284,0.28377,521
Don Buford,0.284,0.28355,522
José Abreu,0.283,0.28322,523
Bobby Thomson,0.283,0.28295,524
Johnny Damon,0.283,0.28276,525
Andre Dawson,0.283,0.28276,526
Jeff King,0.283,0.28273,527
Harold Baines,0.283,0.2826,528
Bill North,0.283,0.28256,529
Steve Finley,0.283,0.28254,530
George Van Haltren,0.282,0.28238,531
Mike Lowell,0.282,0.2823,532
Gary Carter,0.282,0.28227,533
Bill Dickey,0.282,0.28222,534
Gus Triandos,0.282,0.2818,535
Rusty Staub,0.282,0.28169,536
Arky Vaughan,0.282,0.28164,537
Vince DiMaggio,0.282,0.28163,538
Brian Roberts,0.281,0.2815,539
Aubrey Huff,0.281,0.28129,540
Vern Stephens,0.281,0.28121,541
Pee Wee Reese,0.281,0.28109,542
Jimmy Rollins,0.281,0.28104,543
Bruce Campbell,0.281,0.28097,544
Jason Heyward,0.281,0.28086,545
Richie Zisk,0.281,0.28072,546
Justin Turner,0.281,0.2806,547
Lyn Lary,0.28,0.28047,548
Bill Hall,0.28,0.28044,549
Tony Perez,0.28,0.28032,550
Curt Welch,0.28,0.28027,551
Tommy McCarthy,0.28,0.27995,552
Kole Calhoun,0.28,0.2799,553
Charlie Blackmon,0.28,0.27981,554
Gates Brown,0.279,0.2794,555
Randal Grichuk,0.279,0.27932,556
Miller Huggins,0.279,0.27924,557
Mark Sweeney,0.279,0.27923,558
Adam Lind,0.279,0.27922,559
Grady Hatton,0.279,0.27865,560
Rico Carty,0.278,0.27845,561
Ken Henderson,0.278,0.27828,562
Pat Kelly,0.278,0.27824,563
Johnny Callison,0.278,0.27811,564
Fred Clarke,0.278,0.27801,565
Randy Bush,0.278,0.27783,566
George Gore,0.278,0.27752,567
Cy Williams,0.277,0.27743,568
Orlando Merced,0.277,0.27739,569
Adrián Beltré,0.277,0.27738,570
Phil Bradley,0.277,0.27713,571
Paul Molitor,0.277,0.27707,572
Jorge Polanco,0.277,0.27681,573
Casey Blake,0.277,0.27667,574
Jesse Burkett,0.276,0.27633,575
Eric Karros,0.276,0.2762,576
Chet Lemon,0.276,0.27577,577
Tim Teufel,0.276,0.27571,578
Vince Coleman,0.276,0.27562,579
Ernie Whitt,0.276,0.27557,580
Dansby Swanson,0.276,0.2755,581
Johnny Bates,0.275,0.27549,582
Bill White,0.275,0.27545,583
Pete Browning,0.275,0.27531,584
Wayne Garrett,0.275,0.27489,585
Mark Grace,0.275,0.27489,586
Gregg Zaun,0.275,0.27486,587
George Davis,0.275,0.27483,588
Kevin Young,0.275,0.27483,589
Ben Oglivie,0.275,0.27482,590
Stephen Drew,0.275,0.27481,591
Jeff Blauser,0.275,0.27466,592
Jurickson Profar,0.275,0.27459,593
Juan Samuel,0.274,0.27413,594
Tom Haller,0.274,0.27395,595
Jose Altuve,0.274,0.2739,596
Ken Boyer,0.274,0.27378,597
George Harper,0.274,0.27369,598
Deron Johnson,0.274,0.27369,599
Lance Parrish,0.274,0.27367,600
Al Simmons,0.274,0.27366,601
Richie Hebner,0.274,0.2736,602
Roy Smalley,0.273,0.27347,603
Ival Goodman,0.273,0.27342,604
Del Ennis,0.273,0.27337,605
Jim Rivera,0.273,0.27337,606
Carlos Guillen,0.273,0.27327,607
Jose Reyes,0.273,0.27317,608
Gary Matthews,0.273,0.27297,609
Sid Bream,0.273,0.27284,610
Hunter Pence,0.273,0.27274,611
Joe Mauer,0.273,0.27258,612
Chuck Hinton,0.272,0.27243,613
Shane Victorino,0.272,0.27235,614
Mike Hargrove,0.272,0.27211,615
Jacoby Ellsbury,0.272,0.27198,616
Jose Cruz,0.272,0.27195,617
Mike Donlin,0.272,0.27193,618
George McQuinn,0.271,0.27145,619
Kendrys Morales,0.271,0.27142,620
Scott Spiezio,0.271,0.27135,621
Miguel Montero,0.271,0.27124,622
Vernon Wells,0.271,0.27115,623
Willie Upshaw,0.271,0.271,624
Alex Gordon,0.271,0.27085,625
Cody Ross,0.271,0.27078,626
Snuffy Stirnweiss,0.271,0.27064,627
Dave Henderson,0.271,0.27057,628
Wally Joyner,0.27,0.27038,629
Wes Covington,0.27,0.27032,630
Coco Crisp,0.27,0.27032,631
Johnny Grubb,0.27,0.2701,632
Pepper Martin,0.27,0.2701,633
Torii Hunter,0.27,0.27007,634
Jay Bell,0.27,0.26994,635
Daryl Boston,0.27,0.26968,636
Charlie Bennett,0.27,0.26959,637
Dusty Baker,0.27,0.2695,638
Tony Batista,0.269,0.26948,639
Buster Posey,0.269,0.26942,640
Scott Hatteberg,0.269,0.26929,641
Cal Ripken Jr.,0.269,0.26924,642
Dmitri Young,0.269,0.26921,643
Javy Lopez,0.269,0.26904,644
Ruben Sierra,0.269,0.26902,645
Arlie Latham,0.269,0.269,646
Frankie Hayes,0.269,0.26886,647
Tip O'Neill,0.269,0.26886,648
Xander Bogaerts,0.269,0.26877,649
Willie Crawford,0.268,0.26841,650
Dante Bichette,0.268,0.26814,651
Carlos Gómez,0.268,0.26799,652
Bill Doran,0.268,0.26798,653
Mike Greenwell,0.268,0.26779,654
Enrique Hernández,0.268,0.26775,655
Wade Boggs,0.267,0.26743,656
J.T. Realmuto,0.267,0.26724,657
Jackie Bradley Jr.,0.267,0.26693,658
Travis Fryman,0.267,0.26693,659
Hank Bauer,0.267,0.26686,660
Henry Larkin,0.267,0.26685,661
Jack Graney,0.267,0.26674,662
Paul Waner,0.267,0.26652,663
Tommie Agee,0.266,0.26636,664
Dave Hansen,0.266,0.26603,665
Willie Horton,0.266,0.26596,666
Roy Johnson,0.266,0.26589,667
Andrew Benintendi,0.266,0.26582,668
Candy Maldonado,0.266,0.26571,669
Nick Castellanos,0.265,0.26547,670
Doug Mientkiewicz,0.265,0.2651,671
Mike Moustakas,0.265,0.26502,672
Bret Boone,0.265,0.265,673
Sherm Lollar,0.265,0.265,674
Art Devlin,0.265,0.26496,675
Max Carey,0.265,0.26477,676
Harry Hooper,0.265,0.26454,677
Ned Williamson,0.264,0.26429,678
Frank Thomas,0.264,0.26396,679
Rance Mulliniks,0.264,0.26394,680
Pete O'Brien,0.264,0.26375,681
Eric Young,0.264,0.26361,682
Bob Skinner,0.264,0.26355,683
Rougned Odor,0.263,0.26335,684
Elmer Smith,0.263,0.26322,685
Devon White,0.263,0.26321,686
Josh Reddick,0.263,0.26293,687
Bob Meusel,0.263,0.26265,688
Bill Mueller,0.263,0.26261,689
Joe Kuhel,0.262,0.2624,690
George Scott,0.262,0.26234,691
Jerry Lynch,0.262,0.26224,692
John Stone,0.262,0.2619,693
Chase Headley,0.262,0.26179,694
Neil Walker,0.262,0.26162,695
Dave Magadan,0.262,0.2616,696
Willie Harris,0.261,0.26137,697
Ty Wigginton,0.261,0.26122,698
Davey Johnson,0.261,0.2612,699
Lonny Frey,0.261,0.26119,700
Dom DiMaggio,0.261,0.26082,701
Scott Brosius,0.261,0.26074,702
Vinny Castilla,0.261,0.26063,703
Brett Butler,0.261,0.26051,704
Aaron Boone,0.26,0.2604,705
Starling Marte,0.26,0.26036,706
Victor Martinez,0.26,0.25997,707
Hoot Evers,0.26,0.25967,708
Willard Marshall,0.26,0.25963,709
Joe Judge,0.26,0.25956,710
Dixie Walker,0.26,0.2595,711
Robinson Cano,0.259,0.25943,712
Jed Lowrie,0.259,0.25937,713
Steve Braun,0.259,0.25918,714
Corey Dickerson,0.259,0.25906,715
Mike Macfarlane,0.259,0.25902,716
David Segui,0.259,0.25892,717
Daryl Spencer,0.259,0.25888,718
Hal McRae,0.259,0.2588,719
Dustin Pedroia,0.259,0.25866,720
Earle Combs,0.259,0.25861,721
Ian Desmond,0.258,0.25836,722
Dave Parker,0.258,0.25828,723
Todd Hollandsworth,0.258,0.25823,724
Gabe Kapler,0.258,0.25813,725
Curt Walker,0.258,0.25813,726
Ed Sprague,0.258,0.25812,727
Jim Northrup,0.258,0.2581,728
Jeff Conine,0.258,0.25801,729
Mitch Webster,0.258,0.25797,730
Edgardo Alfonzo,0.258,0.25775,731
Bob Watson,0.258,0.25756,732
Mickey Vernon,0.257,0.25747,733
Sam Crawford,0.257,0.25737,734
Yonder Alonso,0.257,0.25729,735
Smoky Burgess,0.257,0.25721,736
Donn Clendenon,0.257,0.2571,737
Carl Crawford,0.257,0.2571,738
Lee May,0.257,0.25693,739
Melvin Mora,0.257,0.25673,740
Kevin Kiermaier,0.257,0.25665,741
Don Hoak,0.257,0.25659,742
Riggs Stephenson,0.256,0.25643,743
David Murphy,0.256,0.25642,744
Floyd Robinson,0.256,0.25639,745
Andy Pafko,0.256,0.25636,746
Donie Bush,0.256,0.25631,747
John Titus,0.256,0.25625,748
Tony Bernazard,0.256,0.25622,749
Ken Keltner,0.256,0.25603,750
Earl Battey,0.256,0.256,751
Pinky Higgins,0.256,0.25588,752
Ron LeFlore,0.256,0.2555,753
Larry Doyle,0.255,0.25549,754
Troy O'Leary,0.255,0.25536,755
Ed Kirkpatrick,0.255,0.25526,756
Brian Jordan,0.255,0.25523,757
David Peralta,0.255,0.25501,758
Damion Easley,0.255,0.25492,759
Rafael Furcal,0.255,0.2549,760
Bob O'Farrell,0.255,0.25482,761
Rondell White,0.255,0.25481,762
Herman Long,0.255,0.25476,763
Doug Rader,0.255,0.25453,764
Buck Freeman,0.255,0.25452,765
Phil Cavarretta,0.254,0.25392,766
Julio Cruz,0.254,0.25369,767
Cookie Lavagetto,0.254,0.25363,768
Denis Menke,0.254,0.2536,769
Bill Freehan,0.254,0.25358,770
Mike Pagliarulo,0.254,0.25352,771
Dave Bergman,0.253,0.25345,772
Gil McDougald,0.253,0.25342,773
Derek Bell,0.253,0.25339,774
Dode Paskert,0.253,0.25328,775
Fred Pfeffer,0.253,0.25324,776
Gary Gaetti,0.253,0.25316,777
George Pinkney,0.253,0.25315,778
Connie Ryan,0.253,0.25314,779
Matt Wieters,0.253,0.25313,780
Harry Davis,0.253,0.25312,781
Ed McKean,0.253,0.25312,782
Sam Wise,0.253,0.25305,783
Eduardo Escobar,0.253,0.25304,784
Willie Randolph,0.253,0.25293,785
Asdrubal Cabrera,0.253,0.25286,786
Joe Torre,0.253,0.25286,787
Larry Parrish,0.253,0.2528,788
Eddie Rosario,0.253,0.25264,789
Rajai Davis,0.253,0.25259,790
Ross Youngs,0.252,0.25243,791
Lou Brock,0.252,0.25232,792
Mike Lieberthal,0.252,0.25202,793
Lou Boudreau,0.252,0.25178,794
Daniel Descalso,0.252,0.25169,795
Javier Báez,0.252,0.25168,796
Brian McRae,0.252,0.25166,797
Willie Kamm,0.251,0.25141,798
Michael Taylor,0.251,0.25113,799
George Burns,0.251,0.25093,800
Ray Chapman,0.251,0.25073,801
Randy Velarde,0.251,0.25071,802
Carlos May,0.25,0.25049,803
Jason Michaels,0.25,0.25043,804
Tony Armas,0.25,0.25039,805
Ken Griffey,0.25,0.25038,806
George Bell,0.25,0.25037,807
Cameron Maybin,0.25,0.25026,808
Wilmer Flores,0.25,0.25024,809
Odell Hale,0.25,0.2502,810
Orlando Hudson,0.25,0.25016,811
Derek Jeter,0.25,0.25002,812
Steve Henderson,0.25,0.25,813
Sean Rodriguez,0.25,0.25,814
Robby Thompson,0.25,0.25,815
Red Murray,0.25,0.24988,816
Billy Butler,0.25,0.24976,817
Lenny Green,0.25,0.24966,818
Wally Moses,0.25,0.24959,819
Ted Simmons,0.249,0.24931,820
George Hendrick,0.249,0.24926,821
Chone Figgins,0.249,0.2491,822
Jose Hernandez,0.249,0.24903,823
Cap Anson,0.249,0.24898,824
Jim Fregosi,0.249,0.24897,825
Home Run Baker,0.249,0.24883,826
Don Mattingly,0.249,0.24861,827
Jody Davis,0.249,0.24854,828
Jim Gilliam,0.248,0.24849,829
Jose Offerman,0.248,0.24837,830
Casey Stengel,0.248,0.24837,831
Tony Oliva,0.248,0.24821,832
Mark McLemore,0.248,0.24806,833
Jacque Jones,0.248,0.24793,834
Alan Trammell,0.248,0.24783,835
Walker Cooper,0.248,0.24777,836
Burt Shotton,0.248,0.24752,837
Stan Javier,0.247,0.24747,838
Stan Hack,0.247,0.24732,839
Marty McManus,0.247,0.2473,840
John Buck,0.247,0.24723,841
Bill Terry,0.247,0.2472,842
Juan Encarnacion,0.247,0.24717,843
Marquis Grissom,0.247,0.24713,844
Buddy Myer,0.247,0.24709,845
Robin Yount,0.247,0.24709,846
Tommy Leach,0.247,0.24702,847
Mike Easler,0.247,0.24694,848
Nick Markakis,0.247,0.24693,849
Alex Rios,0.247,0.24661,850
Paul Schaal,0.246,0.24641,851
Jhonny Peralta,0.246,0.2464,852
Lee Thomas,0.246,0.24639,853
Eric Hosmer,0.246,0.24634,854
Don Money,0.246,0.24634,855
Al Zarilla,0.246,0.24611,856
Don Demeter,0.246,0.24601,857
Shannon Stewart,0.246,0.24596,858
Irv Noren,0.246,0.24591,859
Roger Cedeno,0.246,0.24575,860
Bill Skowron,0.246,0.24572,861
Gregor Blanco,0.245,0.24548,862
Eddie Bressoud,0.245,0.24537,863
Carlos Ruiz,0.245,0.24527,864
Bill Robinson,0.245,0.24519,865
Frank Catalanotto,0.245,0.24503,866
Julio Franco,0.245,0.2449,867
Felipe Lopez,0.245,0.24487,868
Johnny Hopp,0.245,0.24484,869
Todd Walker,0.245,0.24484,870
Michael Brantley,0.245,0.2447,871
Brandon Crawford,0.245,0.2446,872
Ron Hansen,0.244,0.24449,873
Hans Lobert,0.244,0.24436,874
Tilly Walker,0.244,0.24433,875
Jackie Brandt,0.244,0.24416,876
Ed Konetchy,0.244,0.24408,877
Otis Nixon,0.244,0.24399,878
Joe Medwick,0.244,0.24361,879
Jack Doyle,0.244,0.24358,880
Ed Charles,0.244,0.24354,881
Luis Alicea,0.244,0.24352,882
David Freese,0.243,0.24348,883
Frankie Crosetti,0.243,0.24327,884
Mark DeRosa,0.243,0.24305,885
Luke Appling,0.243,0.243,886
Mike Marshall,0.243,0.24297,887
Pablo Sandoval,0.243,0.24279,888
Jeff Cirillo,0.243,0.24277,889
Carl Furillo,0.243,0.24271,890
Wes Parker,0.242,0.24248,891
Cory Snyder,0.242,0.24234,892
Gregg Jefferies,0.242,0.24221,893
Steve Buechele,0.242,0.24215,894
Johnny Evers,0.242,0.24214,895
Ronnie Belliard,0.242,0.24202,896
Kevin Seitzer,0.242,0.24195,897
Bill Madlock,0.242,0.24173,898
Jerry Martin,0.242,0.2417,899
Lorenzo Cain,0.242,0.24154,900
Sean Casey,0.241,0.24141,901
Monte Cross,0.241,0.24137,902
Tito Francona,0.241,0.24136,903
Jose Vidro,0.241,0.24135,904
Kolten Wong,0.241,0.24131,905
Miguel Tejada,0.241,0.24129,906
Walt Dropo,0.241,0.24127,907
Chick Stahl,0.241,0.24107,908
Brandon Inge,0.241,0.24093,909
Gene Freese,0.241,0.24086,910
Frank Schulte,0.241,0.24078,911
Rick Dempsey,0.24,0.24041,912
Phil Garner,0.24,0.24022,913
Whit Merrifield,0.24,0.24015,914
Hardy Richardson,0.24,0.24006,915
Jimmy Dykes,0.24,0.23987,916
Mike Mitchell,0.24,0.2398,917
Jerry Priddy,0.24,0.23962,918
Gary Ward,0.239,0.23934,919
Ned Hanlon,0.239,0.23929,920
Juan Rivera,0.239,0.23912,921
Ramon Hernandez,0.239,0.23879,922
Sam West,0.239,0.23861,923
Bruce Bochte,0.238,0.2383,924
Hughie Jennings,0.238,0.23817,925
Gene Richards,0.238,0.2381,926
Randy Winn,0.238,0.23796,927
Roberto Kelly,0.238,0.23786,928
Red Rolfe,0.238,0.23783,929
Solly Hofman,0.238,0.23772,930
Rich Aurilia,0.237,0.23737,931
Jeff Reed,0.237,0.23734,932
Claudell Washington,0.237,0.23722,933
Denard Span,0.237,0.23714,934
Alex Gonzalez,0.237,0.23709,935
Danny Litwhiler,0.237,0.23698,936
Johnny Roseboro,0.237,0.23685,937
Tim Wallach,0.237,0.23682,938
Aaron Hill,0.237,0.2368,939
Phil Masi,0.237,0.23674,940
Buddy Lewis,0.237,0.23665,941
Gerald Perry,0.237,0.23664,942
Wil Cordero,0.237,0.2366,943
Scott Podsednik,0.237,0.23656,944
Angel Pagan,0.237,0.23653,945
Butch Wynegar,0.236,0.23649,946
Jonathan Lucroy,0.236,0.23647,947
Fielder Jones,0.236,0.2364,948
Terry Puhl,0.236,0.23625,949
Rick Ferrell,0.236,0.23607,950
Michael Barrett,0.236,0.23605,951
Michael Bourn,0.236,0.23599,952
Davy Jones,0.236,0.23595,953
Gus Bell,0.236,0.23557,954
Daniel Murphy,0.235,0.23549,955
David DeJesus,0.235,0.23544,956
Dan Ford,0.235,0.23541,957
Jimmy Williams,0.235,0.23536,958
John Reilly,0.235,0.23527,959
Red Smith,0.235,0.23522,960
Jose Cardenal,0.235,0.23507,961
Vada Pinson,0.235,0.23473,962
Corey Patterson,0.235,0.23472,963
Joe Pepitone,0.235,0.23465,964
Richie Ashburn,0.235,0.23455,965
Bobby Veach,0.235,0.23453,966
Ken McMullen,0.234,0.23446,967
Tommy Holmes,0.234,0.23438,968
Adam Jones,0.234,0.23427,969
Mike Devereaux,0.234,0.23422,970
Bobby Avila,0.234,0.2342,971
Julio Lugo,0.234,0.23413,972
Cecil Cooper,0.234,0.23405,973
Didi Gregorius,0.234,0.23401,974
Hector Lopez,0.234,0.23385,975
Frankie Frisch,0.234,0.23376,976
Del Crandall,0.234,0.23359,977
Billy Rogell,0.233,0.23325,978
Dan McGann,0.233,0.23324,979
Bill Sweeney,0.233,0.23321,980
Jeffrey Leonard,0.233,0.23251,981
Salvador Perez,0.232,0.23245,982
Ira Flagstead,0.232,0.23242,983
Rod Barajas,0.232,0.23237,984
Sam Mele,0.232,0.23218,985
Denny Walling,0.232,0.23192,986
Tom Goodwin,0.232,0.23167,987
Kevin Bass,0.231,0.23083,988
Aaron Rowand,0.231,0.23068,989
Joe Rudi,0.231,0.23056,990
Brook Jacoby,0.231,0.23053,991
George Wood,0.23,0.23016,992
Omar Moreno,0.23,0.22997,993
Johnny Wyrostek,0.23,0.22995,994
Vance Law,0.23,0.22988,995
Gerald Williams,0.23,0.22981,996
Dave Foutz,0.23,0.22965,997
Ron Hassey,0.229,0.22907,998
Kirby Puckett,0.229,0.22874,999
Rod Carew,0.229,0.22856,1000
