Name,Innings Pitched,Rank
Cy Young,"7,356.0",1
Pud Galvin,"5,941.1",2
Walter Johnson,"5,914.1",3
Phil Niekro,"5,404.1",4
Nolan Ryan,"5,386.0",5
Gaylord Perry,"5,350.1",6
Don Sutton,"5,282.1",7
Warren Spahn,"5,243.2",8
Steve Carlton,"5,217.1",9
Grover Alexander,"5,190.0",10
Kid Nichols,"5,056.1",11
Tim Keefe,"5,049.2",12
Greg Maddux,"5,008.1",13
Bert Blyleven,"4,970.0",14
Roger Clemens,"4,916.2",15
Mickey Welch,"4,802.0",16
Tom Seaver,"4,782.2",17
Christy Mathewson,"4,780.2",18
Tommy John,"4,710.1",19
Robin Roberts,"4,688.2",20
Early Wynn,"4,564.0",21
John Clarkson,"4,536.1",22
Old Hoss Radbourn,"4,535.1",23
Tony Mullane,"4,531.1",24
Jim Kaat,"4,530.1",25
Fergie Jenkins,"4,500.2",26
Eddie Plank,"4,495.2",27
Eppa Rixey,"4,494.2",28
Tom Glavine,"4,413.1",29
Jack Powell,"4,389.0",30
Red Ruffing,"4,344.0",31
Gus Weyhing,"4,324.1",32
Jim McCormick,"4,275.2",33
Frank Tanana,"4,188.1",34
Burleigh Grimes,"4,179.2",35
Ted Lyons,"4,161.0",36
Randy Johnson,"4,135.1",37
Red Faber,"4,086.2",38
Jamie Moyer,"4,074.0",39
Dennis Martinez,"3,999.2",40
Vic Willis,"3,996.0",41
Jim Palmer,"3,948.0",42
Lefty Grove,"3,940.2",43
Jack Quinn,"3,920.1",44
Bob Gibson,"3,884.1",45
Sad Sam Jones,"3,883.0",46
Jerry Koosman,"3,839.1",47
Bob Feller,"3,827.0",48
Jack Morris,"3,824.0",49
Charlie Hough,"3,801.1",50
Amos Rusie,"3,778.2",51
Waite Hoyt,"3,762.1",52
Jim Bunning,"3,760.1",53
Bobo Newsom,"3,759.1",54
George Mullin,"3,686.2",55
Jerry Reuss,"3,669.2",56
Paul Derringer,"3,645.0",57
Mickey Lolich,"3,638.1",58
Bob Friend,"3,611.0",59
Carl Hubbell,"3,590.1",60
Joe Niekro,"3,584.0",61
CC Sabathia,"3,577.1",62
Herb Pennock,"3,571.2",63
Earl Whitehill,"3,564.2",64
Mike Mussina,"3,562.2",65
Rick Reuschel,"3,548.1",66
Will White,"3,542.2",67
Adonis Terry,"3,514.1",68
Juan Marichal,"3,507.1",69
Jim Whitney,"3,496.1",70
Luis Tiant,"3,486.1",71
Wilbur Cooper,"3,480.0",72
John Smoltz,"3,473.0",73
Justin Verlander,"3,472.1",74
Bartolo Colon,"3,461.2",75
Claude Osteen,"3,460.1",76
Catfish Hunter,"3,449.1",77
Joe McGinnity,"3,441.1",78
David Wells,"3,439.0",79
Don Drysdale,"3,432.0",80
Mel Harder,"3,426.1",81
Charlie Buffinton,"3,404.0",82
Hooks Dauss,"3,390.2",83
Zack Greinke,"3,389.1",84
Clark Griffith,"3,385.2",85
Doyle Alexander,"3,367.2",86
Chick Fraser,"3,356.0",87
Al Orth,"3,354.2",88
Curt Simmons,"3,348.1",89
Vida Blue,"3,343.1",90
Andy Pettitte,"3,316.0",91
Rube Marquard,"3,306.2",92
Billy Pierce,"3,306.2",
Kenny Rogers,"3,302.2",94
Dennis Eckersley,"3,285.2",95
Jim Perry,"3,285.2",
Mark Buehrle,"3,283.1",97
Larry Jackson,"3,262.2",98
Curt Schilling,"3,261.0",99
Kevin Brown,"3,256.1",100
Tim Wakefield,"3,226.2",101
Freddie Fitzsimmons,"3,223.2",102
Eddie Cicotte,"3,223.1",103
Dolf Luque,"3,220.1",104
Dutch Leonard,"3,218.1",105
Jesse Haines,"3,208.2",106
Red Ames,"3,198.0",107
Chuck Finley,"3,197.1",108
Charlie Root,"3,197.1",
Livan Hernandez,"3,189.0",110
Milt Pappas,"3,186.0",111
Silver King,"3,181.2",112
Mordecai Brown,"3,172.1",113
Whitey Ford,"3,170.1",114
Lee Meadows,"3,160.2",115
Larry French,"3,152.0",116
Orel Hershiser,"3,130.1",117
Rick Wise,"3,127.0",118
Tim Hudson,"3,126.2",119
Tom Zachary,"3,126.1",120
George Uhle,"3,119.2",121
Bucky Walters,"3,104.2",122
Bob Welch,"3,092.0",123
Bullet Joe Bush,"3,087.1",124
Stan Coveleski,"3,082.0",125
Bill Hutchison,"3,078.0",126
Bill Dinneen,"3,074.2",127
Lew Burdette,"3,067.1",128
Murry Dickson,"3,052.1",129
Mike Torrez,"3,044.0",130
Doc White,"3,041.0",131
Carl Mays,"3,021.1",132
Brickyard Kennedy,"3,021.0",133
Chief Bender,"3,017.0",134
Danny Darwin,"3,016.2",135
Pink Hawley,"3,012.2",136
Babe Adams,"2,995.1",137
Hal Newhouser,"2,993.0",138
Red Donahue,"2,975.1",139
Dazzy Vance,"2,966.2",140
Bill Donovan,"2,964.2",141
Theodore Breitenstein,"2,964.1",142
Ed Walsh,"2,964.1",
Mark Langston,"2,962.2",144
Rube Waddell,"2,961.1",145
Bump Hadley,"2,945.2",146
Bob Shawkey,"2,937.0",147
Camilo Pascual,"2,930.2",148
Fernando Valenzuela,"2,930.0",149
Guy Hecker,"2,924.0",150
David Cone,"2,898.2",151
Jack Chesbro,"2,896.2",152
Dave Stieb,"2,895.1",153
Jack Stivetts,"2,887.2",154
Max Scherzer,"2,881.0",155
Ken Holtzman,"2,867.1",156
Bill Lee,"2,864.0",157
Bob Lemon,"2,850.0",158
John Lackey,"2,840.1",159
Javier Vazquez,"2,840.0",160
Steve Rogers,"2,837.2",161
Frank Viola,"2,836.1",162
Mike Moore,"2,831.2",163
Bob Caruthers,"2,828.2",164
Pedro Martinez,"2,827.1",165
Tommy Bridges,"2,826.1",166
Slim Sallee,"2,821.2",167
Howard Ehmke,"2,820.2",168
Frank Dwyer,"2,810.0",169
Mike Cuellar,"2,808.0",170
Mark Baldwin,"2,802.1",171
Dwight Gooden,"2,800.2",172
Bob Forsch,"2,794.2",173
Bill Doak,"2,782.2",174
Lon Warneke,"2,782.1",175
Tommy Bond,"2,779.2",176
Earl Moore,"2,776.0",177
Clayton Kershaw,"2,775.1",178
Mike Morgan,"2,772.1",179
Mike Flanagan,"2,770.0",180
Red Ehret,"2,754.1",181
Jesse Tannehill,"2,750.1",182
Roy Halladay,"2,749.1",183
Jon Lester,"2,740.0",184
Bobby Mathews,"2,734.1",185
A.J. Burnett,"2,731.1",186
Dave McNally,"2,730.0",187
Hippo Vaughn,"2,730.0",
Felix Hernández,"2,729.2",189
Bert Cunningham,"2,726.2",190
Dizzy Trout,"2,725.2",191
Tom Candiotti,"2,725.0",192
Guy Bush,"2,722.0",193
Kevin Millwood,"2,720.1",194
Claude Passeau,"2,719.2",195
Bill Sherdel,"2,709.1",196
Bob Knepper,"2,708.0",197
Art Nehf,"2,707.2",198
Danny MacFayden,"2,706.0",199
Cole Hamels,"2,698.0",200
Rick Sutcliffe,"2,697.2",201
Wilbur Wood,"2,684.0",202
Jim Slaton,"2,683.2",203
Virgil Trucks,"2,682.1",204
Urban Shocker,"2,681.2",205
Ed Morris,"2,678.0",206
Vern Law,"2,672.0",207
Derek Lowe,"2,671.1",208
Adam Wainwright,"2,668.1",209
Mel Stottlemyre,"2,661.1",210
Sam Leever,"2,660.2",211
Burt Hooton,"2,652.0",212
John Burkett,"2,648.1",213
Tom Hughes,"2,644.0",214
Rube Walberg,"2,644.0",
Sadie McMahon,"2,634.0",216
Ed Reulbach,"2,632.1",217
Dave Stewart,"2,629.2",218
Wes Ferrell,"2,623.0",219
Rudy May,"2,622.0",220
Jack Taylor,"2,617.0",221
James Shields,"2,616.0",222
Willis Hudlin,"2,613.1",223
Deacon Phillippe,"2,607.0",224
Jouett Meekin,"2,603.1",225
Kevin Appier,"2,595.1",226
Rick Rhoden,"2,593.2",227
Jimmy Key,"2,591.2",228
Bob Buhl,"2,587.0",229
Barry Zito,"2,576.2",230
Terry Mulholland,"2,575.2",231
Jesse Barnes,"2,569.2",232
Joe Coleman,"2,569.1",233
Harry Howell,"2,567.2",234
Bret Saberhagen,"2,562.2",235
Scott Sanderson,"2,561.2",236
Bill Gullickson,"2,560.0",237
Eddie Rommel,"2,556.1",238
Paul Splittorff,"2,554.2",239
Jeff Suppan,"2,542.2",240
Red Lucas,"2,542.0",241
Charlie Getzien,"2,539.2",242
Doug Drabek,"2,535.0",243
Kyle Lohse,"2,531.2",244
Stan Bahnsen,"2,529.0",245
John Candelaria,"2,525.2",246
Ice Box Chamberlain,"2,521.2",247
Rube Benton,"2,517.1",248
Jim Clancy,"2,517.1",
Frank Killen,"2,511.1",250
Andy Benes,"2,505.1",251
Lefty Gomez,"2,503.0",252
Steve Trachsel,"2,501.0",253
Ray Sadecki,"2,500.2",254
Steve Renko,"2,494.0",255
Sam McDowell,"2,492.1",256
Allie Reynolds,"2,492.1",
Kevin Gross,"2,487.2",258
Ervin Santana,"2,486.2",259
Hal Schumacher,"2,482.1",260
Ron Reed,"2,477.2",261
Ned Garver,"2,477.1",262
Win Mercer,"2,470.1",263
Bobby Witt,"2,465.0",264
Jim Lonborg,"2,464.1",265
John Ward,"2,461.2",266
Brad Radke,"2,451.0",267
Tim Belcher,"2,442.2",268
Mudcat Grant,"2,441.2",269
Ed Lopat,"2,439.1",270
Bronson Arroyo,"2,435.2",271
Matt Kilroy,"2,435.2",
Dan Haren,"2,419.2",273
Bruce Hurst,"2,417.1",274
Woodie Fryman,"2,411.1",275
Bob Rush,"2,410.2",276
Mike Caldwell,"2,408.2",277
Jeff Pfeffer,"2,407.1",278
George Bradley,"2,404.1",279
Larry Corcoran,"2,392.1",280
Ron Guidry,"2,392.0",281
Al Leiter,"2,391.0",282
Kid Gleason,"2,389.1",283
Floyd Bannister,"2,388.0",284
Ryan Dempster,"2,387.0",285
Mike McCormick,"2,380.1",286
Jake Peavy,"2,377.0",287
Nap Rucker,"2,375.1",288
Claude Hendrix,"2,371.1",289
Jon Matlack,"2,363.0",290
Scott Erickson,"2,360.2",291
Ron Darling,"2,360.1",292
Pedro Ramos,"2,355.2",293
Jimmy Ring,"2,354.1",294
Alvin Crowder,"2,344.1",295
Earl Hamilton,"2,338.2",296
Bob Groom,"2,336.1",297
Tully Sparks,"2,335.2",298
Larry Dierker,"2,333.2",299
Thornton Lee,"2,331.1",300
Randy Wolf,"2,328.2",301
Addie Joss,"2,327.0",302
Curt Davis,"2,325.0",303
Chris Short,"2,325.0",
Sandy Koufax,"2,324.1",305
Aaron Harang,"2,322.1",306
Jack Coombs,"2,320.0",307
George Wiedman,"2,318.1",308
Charlie Leibrandt,"2,308.0",309
Joe Nuxhall,"2,302.2",310
Bob Ewing,"2,301.0",311
Larry Benton,"2,297.0",312
Nig Cuppy,"2,284.1",313
Si Johnson,"2,281.1",314
Cy Falkenberg,"2,275.0",315
Frank Smith,"2,273.0",316
Harry Staley,"2,269.0",317
Ed Brandt,"2,268.1",318
Al Downing,"2,268.1",
Mike Hampton,"2,268.1",
George Mogridge,"2,265.2",321
Johnny Podres,"2,265.0",322
Kevin Tapani,"2,265.0",
Freddy Garcia,"2,264.0",324
Johnny Cueto,"2,256.1",325
Hoyt Wilhelm,"2,254.1",326
Bob Smith,"2,246.1",327
Roy Oswalt,"2,245.1",328
Ray Caldwell,"2,242.0",329
Ed Whitson,"2,240.1",330
Harvey Haddix,"2,235.0",331
Greg Swindell,"2,233.1",332
Jack Billingham,"2,230.2",333
Andy Messersmith,"2,230.1",334
Lefty Tyler,"2,230.0",335
Mark Gubicza,"2,223.1",336
Kid Carsey,"2,222.0",337
Chris Carpenter,"2,219.1",338
Schoolboy Rowe,"2,219.1",
Fritz Peterson,"2,218.1",340
Clarence Mitchell,"2,217.0",341
Woody Williams,"2,216.1",342
Frank Kitson,"2,213.2",343
Madison Bumgarner,"2,209.1",344
Fred Toney,"2,206.0",345
Jon Lieber,"2,198.0",346
Pedro Astacio,"2,196.2",347
Charlie Morton,"2,192.2",348
Dutch Leonard,"2,192.0",349
Todd Stottlemyre,"2,191.2",350
Mike Krukow,"2,190.1",351
Ray Burris,"2,188.1",352
Dennis Leonard,"2,187.0",353
Sid Hudson,"2,181.0",354
Tommy Thomas,"2,176.1",355
Mike Garcia,"2,174.2",356
Bill Singer,"2,174.0",357
Joe Dobson,"2,170.0",358
Syl Johnson,"2,165.2",359
Darryl Kile,"2,165.1",360
Frank Lary,"2,162.1",361
Rick Honeycutt,"2,160.0",362
Cliff Lee,"2,156.2",363
Harry Gumbert,"2,156.0",364
Dick Ellsworth,"2,155.2",365
Don Newcombe,"2,154.2",366
Joaquin Andujar,"2,153.0",367
Aaron Sele,"2,153.0",
Sonny Siebert,"2,152.0",369
Ken Raffensberger,"2,151.2",370
Jon Garland,"2,151.1",371
John Denny,"2,148.2",372
Dean Chance,"2,147.1",373
David Price,"2,143.2",374
Scott McGregor,"2,140.2",375
Lindy McDaniel,"2,139.1",376
Dock Ellis,"2,127.2",377
Ken Forsch,"2,127.1",378
Johnny Sain,"2,125.2",379
Dutch Ruether,"2,124.2",380
Mike Boddicker,"2,123.2",381
Don Cardwell,"2,122.2",382
Pat Dobson,"2,120.1",383
Rip Sewell,"2,119.1",384
Bob Purkey,"2,114.2",385
Van Mungo,"2,113.0",386
Pete Donohue,"2,112.1",387
Hooks Wiltse,"2,112.1",
Nelson Briles,"2,111.2",389
Dick Ruthven,"2,109.0",390
Mike Witt,"2,108.1",391
Tom Gordon,"2,108.0",392
Howie Pollet,"2,107.1",393
Milt Gaston,"2,105.0",394
Johnny Vander Meer,"2,104.2",395
Toad Ramsey,"2,100.2",396
Esteban Loaiza,"2,099.0",397
Dave Roberts,"2,099.0",
Rick Porcello,"2,096.1",399
Willie Sudhoff,"2,086.1",400
Matt Cain,"2,085.2",401
Howie Camnitz,"2,085.1",402
Gary Peters,"2,081.0",403
Dan Petry,"2,080.1",404
Jack Taylor,"2,079.0",405
Ron Kline,"2,078.0",406
Pat Hentgen,"2,075.1",407
R.A. Dickey,"2,073.2",408
Danny Jackson,"2,072.2",409
Mike Scott,"2,068.2",410
Firpo Marberry,"2,067.1",411
Jered Weaver,"2,067.1",
Fritz Ostermueller,"2,066.2",413
Jim Barr,"2,065.1",414
Steve Gromek,"2,064.2",415
Case Patten,"2,062.1",416
Jaime Navarro,"2,055.1",417
Bob Harmon,"2,054.0",418
Bud Black,"2,053.1",419
Sherry Smith,"2,052.2",420
Earl Wilson,"2,051.2",421
Josh Beckett,"2,051.1",422
Jack Russell,"2,050.2",423
Jack Sanford,"2,049.1",424
Dick Rudolph,"2,049.0",425
Chris Sale,"2,047.2",426
Larry Gura,"2,047.0",427
Togie Pittinger,"2,040.2",428
Dave Goltz,"2,039.2",429
Ross Grimsley,"2,039.1",430
Marty Pattin,"2,038.2",431
Jamey Wright,"2,036.2",432
Juan Pizarro,"2,034.1",433
Jeff Fassero,"2,033.2",434
Noodles Hahn,"2,029.1",435
Vern Kennedy,"2,025.2",436
Johan Santana,"2,025.2",
José Quintana,"2,024.0",438
Aníbal Sánchez,"2,017.2",439
Dick Donovan,"2,017.1",440
Milt Wilcox,"2,016.2",441
Gary Bell,"2,015.0",442
Lance Lynn,"2,006.1",443
Denny Galehouse,"2,004.0",444
Bill Dietrich,"2,003.2",445
Hal Carlson,"2,002.0",446
Joe Horlen,"2,002.0",
Steve Barber,"1,999.0",448
Dave Foutz,"1,997.1",449
Doc Medich,"1,996.1",450
Jason Schmidt,"1,996.1",
Chan Ho Park,"1,993.0",452
Johnny Antonelli,"1,992.1",453
Walt Terrell,"1,986.2",454
Ad Gumbert,"1,985.1",455
Ted Lilly,"1,982.2",456
Gerry Staley,"1,981.2",457
Hideo Nomo,"1,976.1",458
Jack Fisher,"1,975.2",459
Ken Hill,"1,973.0",460
Jason Marquis,"1,968.1",461
Johnny Klippstein,"1,967.2",462
Dizzy Dean,"1,967.1",463
Patrick Corbin,"1,963.2",464
Elden Auker,"1,963.1",465
Bill Monbouquette,"1,961.2",466
Edwin Jackson,"1,960.0",467
Pete Harnisch,"1,959.0",468
Carlos Zambrano,"1,959.0",
Don Robinson,"1,958.1",470
Miguel Batista,"1,956.1",471
Ray Kremer,"1,954.2",472
Charles Nagy,"1,954.2",
Gerrit Cole,"1,954.0",474
Kirby Higbe,"1,952.1",475
Sam Gray,"1,951.1",476
Rick Mahler,"1,951.1",
Bill Hands,"1,951.0",478
Johnny Allen,"1,950.1",479
Bill Lee,"1,944.1",480
Fred Norman,"1,939.2",481
Bobby Shantz,"1,935.2",482
Gio Gonzalez,"1,933.0",483
Randy Jones,"1,933.0",
Bob Veale,"1,926.0",485
Brad Penny,"1,925.0",486
Jack Lynch,"1,924.1",487
Tom Browning,"1,921.0",488
Chuck Stobbs,"1,920.1",489
Zane Smith,"1,919.1",490
Kirk Rueter,"1,918.0",491
Dummy Taylor,"1,916.1",492
Darren Oliver,"1,915.2",493
George Earnshaw,"1,915.1",494
Pat Malone,"1,915.0",495
George Blaeholder,"1,914.1",496
Preacher Roe,"1,914.1",
Barney Pelty,"1,908.0",498
Harry Brecheen,"1,907.2",499
John Smiley,"1,907.2",
Ian Kennedy,"1,904.1",501
Billy Rhines,"1,900.0",502
Jim Tobin,"1,900.0",
Ray Culp,"1,898.1",504
Jose DeLeon,"1,897.1",505
Ramon Martinez,"1,895.2",506
J.A. Happ,"1,893.2",507
Jim Scott,"1,892.0",508
Denny Neagle,"1,890.1",509
Jack McDowell,"1,889.0",510
Fred Frankhouse,"1,888.0",511
Ricky Nolasco,"1,887.2",512
Denny McLain,"1,886.0",513
Bob Ojeda,"1,884.1",514
Scott Stratton,"1,883.1",515
Larry Cheney,"1,881.1",516
Ray Herbert,"1,881.1",
Jose Rijo,"1,880.0",518
Kyle Gibson,"1,878.0",519
Ray Benge,"1,875.1",520
Dick Drago,"1,875.0",521
John Healy,"1,875.0",
Shane Rawley,"1,871.1",523
Ubaldo Jimenez,"1,870.0",524
Sid Fernandez,"1,866.2",525
Jarrod Washburn,"1,863.2",526
Richard Dotson,"1,857.1",527
Alex Kellner,"1,849.1",528
Ralph Terry,"1,849.1",
Jim Maloney,"1,849.0",530
Geoff Zahn,"1,849.0",
Billy Hoeft,"1,847.1",532
Mort Cooper,"1,840.2",533
Lefty Leifield,"1,838.0",534
Jeff Weaver,"1,838.0",
Dennis Lamp,"1,830.2",536
Mike Leake,"1,829.0",537
Ismael Valdez,"1,827.1",538
Mark Portugal,"1,826.1",539
Sonny Gray,"1,822.0",540
Jim Bagby,"1,821.2",541
Vic Raschi,"1,819.0",542
Joe Shaute,"1,818.1",543
Joe Oeschger,"1,818.0",544
Billy O'Dell,"1,817.0",545
Yovani Gallardo,"1,816.2",546
Brett Tomko,"1,816.0",547
Jack Scott,"1,814.2",548
Francisco Liriano,"1,813.2",549
Johnny Schmitz,"1,812.2",550
Andy Ashby,"1,810.2",551
Jason Hammel,"1,810.1",552
Jim Rooker,"1,810.1",
Bruce Kison,"1,809.2",554
Rich Gossage,"1,809.1",555
Reggie Cleveland,"1,809.0",556
Diego Segui,"1,807.2",557
Bob Tewksbury,"1,807.0",558
Matt Morris,"1,806.0",559
Kevin Gausman,"1,804.0",560
Herm Wehmeier,"1,803.0",561
John Tudor,"1,797.0",562
Henry Porter,"1,793.1",563
Bill Bernhard,"1,792.0",564
Shane Reynolds,"1,791.2",565
Bryn Smith,"1,791.1",566
Carl Pavano,"1,788.2",567
Hardie Henderson,"1,788.1",568
Steve Stone,"1,788.1",
Denny Lemaster,"1,787.2",570
Max Butcher,"1,786.1",571
Jersey Bakley,"1,782.2",572
Storm Davis,"1,780.2",573
Bob Shaw,"1,778.0",574
Dave Burba,"1,777.2",575
Ed Willett,"1,773.1",576
Joe Blanton,"1,767.2",577
Tony Cloninger,"1,767.2",
Larry Jansen,"1,765.2",579
Jeremy Guthrie,"1,765.1",580
Mark Gardner,"1,764.2",581
Stan Williams,"1,764.1",582
Dupee Shaw,"1,762.0",583
Whit Wyatt,"1,761.0",584
Alex Fernandez,"1,760.1",585
Sidney Ponson,"1,760.1",
Wade Miley,"1,757.1",587
Henry Boyle,"1,756.1",588
Ray Fisher,"1,755.2",589
Joel Pineiro,"1,754.1",590
Mel Parnell,"1,752.2",591
Slim Harriss,"1,750.1",592
Don Wilson,"1,748.1",593
Wilson Alvarez,"1,747.2",594
Jake Westbrook,"1,747.2",
Watty Clark,"1,747.1",596
Dick Tidrow,"1,746.2",597
Bill Hallahan,"1,740.1",598
Mike LaCoss,"1,739.2",599
Ken Johnson,"1,737.1",600
Lary Sorensen,"1,736.1",601
Bill Duggleby,"1,732.1",602
Frank Sullivan,"1,732.0",603
Mario Soto,"1,730.1",604
Kirk McCaskill,"1,729.0",605
Clyde Wright,"1,728.2",606
Duke Esper,"1,727.2",607
Flint Rhem,"1,725.1",608
Sal Maglie,"1,723.0",609
Jim Bibby,"1,722.2",610
Lefty Stewart,"1,722.0",611
Frank Foreman,"1,721.2",612
Carl Erskine,"1,718.2",613
Hank Borowy,"1,717.0",614
Dave Giusti,"1,716.2",615
Doug Davis,"1,715.2",616
Elam Vangilder,"1,715.2",
Bob Turley,"1,712.2",618
Rip Collins,"1,712.1",619
Matt Garza,"1,710.2",620
Chris Bosio,"1,710.0",621
Brett Myers,"1,710.0",
Phil Douglas,"1,708.1",623
Bob Stanley,"1,707.0",624
Yu Darvish,"1,706.0",625
Turk Farrell,"1,705.0",626
Jim Hearn,"1,703.2",627
Rollie Fingers,"1,701.1",628
Scott Kazmir,"1,701.0",629
Paul Byrd,"1,697.0",630
Stu Miller,"1,694.0",631
Lloyd Brown,"1,693.0",632
Bob Rhoads,"1,691.2",633
Al Benton,"1,688.1",634
Ray Kolp,"1,688.0",635
Nels Potter,"1,686.0",636
Tim Lincecum,"1,682.0",637
Dan Casey,"1,680.1",638
Hal Brown,"1,680.0",639
Jeff Tesreau,"1,679.0",640
Shawn Estes,"1,678.1",641
Gary Nolan,"1,674.2",642
Jim Abbott,"1,674.0",643
Carlos Carrasco,"1,673.2",644
Vic Sorrell,"1,671.2",645
Zack Wheeler,"1,671.2",
Aaron Nola,"1,671.0",647
Jim Bagby,"1,666.1",648
Bob Walk,"1,666.0",649
Al Smith,"1,662.1",650
Kyle Hendricks,"1,662.1",
Russ Ortiz,"1,661.1",652
Ed Stein,"1,656.0",653
George Winter,"1,656.0",
Moose Haas,"1,655.0",655
Eric Show,"1,655.0",
John Montefusco,"1,652.1",657
George Suggs,"1,652.0",658
Hank O'Day,"1,651.1",659
Harry McIntire,"1,650.0",660
Walt Masterson,"1,649.2",661
Carl Morton,"1,648.2",662
Jeff Samardzija,"1,645.1",663
Sam Jones,"1,643.1",664
Jason Vargas,"1,643.0",665
Dallas Keuchel,"1,642.1",666
Corey Kluber,"1,641.2",667
Nathan Eovaldi,"1,641.2",
John Curtis,"1,641.0",669
Moe Drabowsky,"1,641.0",
Bill Swift,"1,637.2",671
Jack Kramer,"1,637.1",672
Steve Hargan,"1,632.0",673
Willie Mitchell,"1,632.0",
Guy Morton,"1,629.2",675
Sheriff Blake,"1,620.0",676
Max Lanier,"1,619.1",677
Jim O'Toole,"1,615.1",678
Jordan Zimmermann,"1,614.0",679
Jake Arrieta,"1,612.1",680
Fred Goldsmith,"1,609.2",681
Cal McLish,"1,609.0",682
Pat Ragan,"1,608.1",683
Tex Carleton,"1,607.1",684
J.R. Richard,"1,606.0",685
Jumbo McGinnis,"1,603.2",686
Jimmy Callahan,"1,603.0",687
Vic Aldridge,"1,600.2",688
Jim Shaw,"1,600.1",689
Bill Swift,"1,599.2",690
Ed Killian,"1,598.1",691
Steve Blass,"1,597.1",692
Jim Colborn,"1,597.1",
Ben Sheets,"1,596.2",694
Eddie Smith,"1,595.2",695
Martín Pérez,"1,595.2",
Frank Castillo,"1,595.1",697
Omar Olivares,"1,591.2",698
Dave Koslo,"1,591.1",699
Dick Bosman,"1,591.0",700
Gene Conley,"1,588.2",701
George Hemming,"1,587.2",702
Tom Underwood,"1,586.0",703
Lee Richmond,"1,583.0",704
Eric Milton,"1,582.1",705
Allen Sothoron,"1,582.1",
Bill Hart,"1,582.0",707
Joe Haynes,"1,581.0",708
George Haddock,"1,580.0",709
George McQuillan,"1,576.1",710
Bobby Bolin,"1,576.0",711
Vicente Padilla,"1,571.1",712
Jose Lima,"1,567.2",713
Bob Porterfield,"1,567.2",
Terry Larkin,"1,567.1",715
Brian Moehler,"1,567.1",
Bill Wight,"1,563.0",717
Jakie May,"1,562.1",718
Hugh McQuillan,"1,561.2",719
Andy Hawkins,"1,558.1",720
Larry McWilliams,"1,558.1",
Wandy Rodriguez,"1,557.1",722
Jack Knott,"1,557.0",723
Paul Maholm,"1,556.2",724
Erik Hanson,"1,555.1",725
Art Houtteman,"1,555.0",726
Steve Avery,"1,554.2",727
Bob Miller,"1,551.1",728
Tiny Bonham,"1,551.0",729
Ed Crane,"1,550.1",730
Jose Mesa,"1,548.2",731
Clay Kirby,"1,548.0",732
Don Larsen,"1,548.0",
Don Mossi,"1,548.0",
Brian Anderson,"1,547.0",735
Doc Crandall,"1,546.2",736
Joey Jay,"1,546.1",737
Edinson Volquez,"1,546.1",
Rick Reed,"1,545.2",739
Sloppy Thurston,"1,542.2",740
Michael Wacha,"1,540.2",741
Jim Wilson,"1,539.0",742
Eddie Fisher,"1,538.2",743
Dave Davenport,"1,537.0",744
Roger Craig,"1,536.1",745
Orval Overall,"1,535.1",746
Johnny Morrison,"1,535.0",747
Ben Cantwell,"1,534.0",748
Bruce Chen,"1,532.0",749
Russ Meyer,"1,531.1",750
Vinegar Bend Mizell,"1,528.2",751
Ken Brett,"1,526.1",752
Rick Helling,"1,526.1",
Jim Deshaies,"1,525.0",754
Jorge De La Rosa,"1,522.2",755
Carl Weilman,"1,521.0",756
Al Hollingsworth,"1,520.1",757
Bobby Jones,"1,518.2",758
Charlie Ferguson,"1,514.2",759
Tug McGraw,"1,514.2",
Nick Altrock,"1,514.0",761
Gene Garber,"1,510.0",762
Tom Brewer,"1,509.1",763
Jordan Lyles,"1,509.0",764
Blue Moon Odom,"1,509.0",
Trevor Cahill,"1,507.2",766
Kelvim Escobar,"1,507.0",767
Neal Heaton,"1,507.0",
Ed Siever,"1,507.0",
John Danks,"1,503.1",770
Ken Heintzelman,"1,501.2",771
Steve Trout,"1,501.1",772
José Berríos,"1,500.2",773
Paul Foytack,"1,498.0",774
Lynn McGlothen,"1,497.2",775
Tom Griffin,"1,494.2",776
Dan Spillner,"1,492.2",777
Tim Leary,"1,491.1",778
Rick Langford,"1,491.0",779
John Buzhardt,"1,490.2",780
Bill Walker,"1,489.2",781
George Pipgras,"1,488.1",782
Bill Bonham,"1,487.1",783
Russ Ford,"1,487.1",
Dave LaPoint,"1,486.2",785
Clint Brown,"1,485.2",786
Ed Seward,"1,485.2",
Spud Chandler,"1,485.0",788
Ralph Branca,"1,484.0",789
Juan Guzman,"1,483.1",790
Jim Merritt,"1,483.0",791
Bill Wegman,"1,482.2",792
Ellis Kinder,"1,479.2",793
Glendon Rusch,"1,477.1",794
Mike Pelfrey,"1,476.1",795
Jake Weimer,"1,472.2",796
Julio Teheran,"1,470.2",797
Stephen Strasburg,"1,470.0",798
Pol Perritt,"1,469.2",799
Marcus Stroman,"1,467.2",800
LaTroy Hawkins,"1,467.1",801
Greg Harris,"1,467.0",802
Mickey Haefner,"1,466.2",803
Derek Holland,"1,466.0",804
Joe Bowman,"1,465.2",805
Oliver Pérez,"1,465.2",
Fred Hutchinson,"1,464.0",807
Dennis Rasmussen,"1,460.2",808
Dick Coffman,"1,460.1",809
Pete Vuckovich,"1,455.1",810
Jacob deGrom,"1,455.1",
Ruben Gomez,"1,454.0",812
Cliff Melton,"1,453.2",813
Phil Knell,"1,452.1",814
Buster Brown,"1,451.2",815
Ramon Ortiz,"1,448.1",816
Cy Morgan,"1,445.1",817
Jean Dubuc,"1,444.1",818
Tom Murphy,"1,444.0",819
Lee Viau,"1,442.0",820
Art Fromme,"1,438.0",821
Kent Tekulve,"1,436.1",822
Joe Wood,"1,436.1",
Jhoulys Chacín,"1,435.2",824
Pete Falcone,"1,435.1",825
Al Maul,"1,434.2",826
Gil Meche,"1,432.1",827
Kaiser Wilhelm,"1,432.1",
Bob Shirley,"1,432.0",829
George Brunet,"1,431.2",830
Oral Hildebrand,"1,430.2",831
C.J. Wilson,"1,430.1",832
Chris Capuano,"1,429.2",833
Monte Pearson,"1,429.2",
Kevin Correia,"1,429.0",835
Doc Ayers,"1,428.2",836
Ray Scarborough,"1,428.2",
Erskine Mayer,"1,427.0",838
Rick Waits,"1,427.0",
Al Demaree,"1,424.0",840
Doug Fister,"1,422.1",841
Otto Hess,"1,418.0",842
Hugh Daily,"1,415.0",843
Matt Clement,"1,412.2",844
Jack Warhop,"1,412.2",
Vern Ruhle,"1,411.1",846
Gene Packard,"1,410.1",847
Rich Hill,"1,409.0",848
Mike Minor,"1,409.0",
Aaron Cook,"1,406.1",850
Ed Doheny,"1,405.0",851
Luke Hamlin,"1,405.0",
Ted Lewis,"1,405.0",
Julian Tavarez,"1,404.1",854
Dave Righetti,"1,403.2",855
Larry Christenson,"1,402.2",856
Homer Bailey,"1,401.2",857
Joe Genewich,"1,401.2",
Bob Muncrief,"1,401.1",859
Ned Garvin,"1,400.2",860
Allen Russell,"1,394.1",861
Vean Gregg,"1,393.0",862
Sparky Lyle,"1,390.1",863
Wiley Piatt,"1,390.1",
Don Gullett,"1,390.0",865
Oil Can Boyd,"1,389.2",866
Al Jackson,"1,389.1",867
Bob Weiland,"1,388.1",868
Joe Saunders,"1,387.2",869
Pat Rapp,"1,387.1",870
Mike Marshall,"1,386.2",871
Scott Feldman,"1,386.1",872
Ben Sanders,"1,385.0",873
Irv Young,"1,384.2",874
Teddy Higuera,"1,380.0",875
Kerry Wood,"1,380.0",
George Caster,"1,377.2",877
Al Brazle,"1,376.2",878
David Weathers,"1,376.1",879
Hank Aguirre,"1,375.2",880
Tex Hughson,"1,375.2",
Roy Face,"1,375.0",882
Bill Voiselle,"1,373.1",883
Phil Regan,"1,372.2",884
Frank Owen,"1,368.1",885
Cal Eldred,"1,368.0",886
Huck Betts,"1,366.1",887
Buck Ross,"1,365.1",888
Roy Patterson,"1,365.0",889
Tommy Byrne,"1,362.0",890
Doc McJames,"1,361.1",891
Zach Duke,"1,360.0",892
Joe Benz,"1,359.2",893
Lew Richie,"1,359.1",894
Grant Jackson,"1,358.2",895
Roberto Hernandez,"1,358.1",896
Chris Archer,"1,357.0",897
Jason Johnson,"1,357.0",
Mike Smithson,"1,356.1",899
Melido Perez,"1,354.2",900
Clay Carroll,"1,353.1",901
Robbie Ray,"1,351.0",902
Rodrigo Lopez,"1,350.2",903
Charlie Smith,"1,350.1",904
Ivan Nova,"1,347.2",905
Joey Hamilton,"1,340.2",906
Tom Seaton,"1,340.0",907
Kip Wells,"1,338.1",908
Ernie Broglio,"1,337.1",909
Ray Collins,"1,336.0",910
Odalis Perez,"1,335.0",911
Clay Buchholz,"1,332.1",912
Ted Blankenship,"1,330.2",913
Ownie Carroll,"1,330.2",
Alex Cobb,"1,327.2",915
Bob Barr,"1,327.1",916
Kent Mercker,"1,325.1",917
Bill Carrick,"1,324.2",918
Phil Collins,"1,324.1",919
Len Barker,"1,323.2",920
James Baldwin,"1,322.2",921
Cory Lidle,"1,322.2",
Carl Lundgren,"1,322.0",923
Ewell Blackwell,"1,321.0",924
Steve Sparks,"1,319.2",925
Sam Weaver,"1,319.2",
Brandon Webb,"1,319.2",
Hiroki Kuroda,"1,319.0",928
Dixie Davis,"1,318.2",929
Joe Lake,"1,318.0",930
Dan Schatzeder,"1,317.0",931
Mickey McDermott,"1,316.2",932
Luis Castillo,"1,315.1",933
Orlando Hernandez,"1,314.2",934
Mark Mulder,"1,314.0",935
LaMarr Hoyt,"1,311.1",936
Don McMahon,"1,310.2",937
Paul Minner,"1,310.1",938
Ed Figueroa,"1,309.2",939
Tom Lovett,"1,305.1",940
Bob Moose,"1,304.1",941
Erik Bedard,"1,303.2",942
Dick Fowler,"1,303.0",943
Patsy Flaherty,"1,302.2",944
Hank Gastright,"1,301.1",945
Jim McGlothlin,"1,300.1",946
Danny Cox,"1,298.0",947
Trevor Bauer,"1,297.2",948
Chris Young,"1,297.2",
Bill Phillips,"1,295.2",950
Jesse Orosco,"1,295.1",951
Fred Beebe,"1,294.1",952
Al Mamaux,"1,293.0",953
Reb Russell,"1,291.2",954
Rick Aguilera,"1,291.1",955
Jeff Francis,"1,291.1",
Ben McDonald,"1,291.1",
Phil Hughes,"1,291.0",958
Kyle Kendrick,"1,289.1",959
Lee Smith,"1,289.1",
Fred Heimach,"1,288.2",961
Clyde Shoun,"1,287.0",962
Glenn Abbott,"1,286.0",963
Sterling Hitchcock,"1,285.2",964
Clayton Richard,"1,284.2",965
Pat Jarvis,"1,284.0",966
Lew Krausse,"1,283.2",967
Mariano Rivera,"1,283.2",
Warren Hacker,"1,283.1",969
Dustin Hermanson,"1,283.0",970
Ricky Bones,"1,278.1",971
Al Fitzmorris,"1,277.0",972
Bert Gallia,"1,277.0",
Willie Blair,"1,274.0",974
Pete Schneider,"1,274.0",
John Thomson,"1,270.1",976
Jeremy Hellickson,"1,269.1",977
Art Ditmar,"1,268.0",978
Bruce Ruffin,"1,268.0",
Elmer Knetzer,"1,267.1",980
Red Barrett,"1,263.1",981
Glen Hobbie,"1,263.0",982
Doug Rau,"1,261.0",983
Dick Hall,"1,259.2",984
Tom Burgmeier,"1,258.2",985
Chuck Dobson,"1,258.1",986
Alex Wood,"1,258.0",987
Hank Wyse,"1,257.2",988
Leon Cadore,"1,257.1",989
Harry Harper,"1,256.0",990
Paul Quantrill,"1,255.2",991
Bill Hoffer,"1,254.1",992
Jake Odorizzi,"1,253.1",993
Doc Scanlan,"1,252.0",994
Marco Estrada,"1,251.1",995
Al Mays,"1,251.0",996
Willie McGill,"1,251.0",
Johnny Niggeling,"1,250.2",998
Gavin Floyd,"1,250.0",999
Harry Coveleski,"1,248.0",1000
